836773016033984513,https://video.twimg.com/ext_tw_video/836772807866384384/pu/pl/jtveSqoZ1qVqA33m.mpd
836797685315289089,http://pbs.twimg.com/media/C5znDa2XMAIUSe4.jpg
836798020679270401,http://pbs.twimg.com/media/C5znWeEWMAAVBBs.jpg
836742868274462720,http://pbs.twimg.com/media/C3Lpg4hUkAA5fEZ.jpg,http://pbs.twimg.com/media/C3Lpg4kVUAAx27V.jpg,http://pbs.twimg.com/media/C3Lpg4lUcAEEHNO.jpg,http://pbs.twimg.com/media/C3Lpg6uVYAAiVog.jpg
836801298049732609,http://pbs.twimg.com/media/C5zqSW5WQAEmMKg.jpg
836782448767741953,https://video.twimg.com/amplify_video/836782387467988993/vid/320x180/dJbhbt3tzh-ol7AE.mp4
836800679071068160,http://pbs.twimg.com/media/C5zpyBbWQAInSel.jpg
836771164877893637,http://pbs.twimg.com/media/C5zO7hgWgAI-NiL.jpg
836794890449223681,http://pbs.twimg.com/media/C5zkg1fXEAEnzzN.jpg
836800237264060416,http://pbs.twimg.com/media/C5zpYHZWMAEyqzH.jpg
836761451566141442,http://pbs.twimg.com/media/C5zF-wOXEAI8aUW.jpg,http://pbs.twimg.com/media/C5zGBm2XQAIxexO.jpg,http://pbs.twimg.com/media/C5zGGY6WQAETIQt.jpg
836788830413946880,http://pbs.twimg.com/media/C5zfADIWYAAfpwy.jpg
836801138439643136,http://pbs.twimg.com/media/C5zqMU-XQAIbjvc.jpg
836772615100465153,https://video.twimg.com/ext_tw_video/836521298662670336/pu/pl/qc0dOxuaz7ZQqMNV.m3u8
836781268444459009,http://pbs.twimg.com/media/C5zYIAUUYAAh2H0.jpg
836788562712461314,http://pbs.twimg.com/media/C5zernkWcAE5BpH.jpg
836756646022025219,https://video.twimg.com/amplify_video/836755413303447552/vid/640x360/0Eu896-JzEUPvoVf.mp4
836797059126669312,http://pbs.twimg.com/media/C5zmerDWQAEqeAx.jpg
836802141218033664,http://pbs.twimg.com/media/C5zq9bJXQAAfhU4.jpg
836784455809437696,https://video.twimg.com/tweet_video/C5zbA7cUYAAIJih.mp4
836781831731220480,https://video.twimg.com/ext_tw_video/836680434113208321/pu/pl/noxVJIHJoaWpbO2d.m3u8
836783344188678144,http://pbs.twimg.com/media/C5zaAubUYAA_Yb6.jpg
836800209455878145,http://pbs.twimg.com/media/C5zpWjoWgAIp7wr.jpg
836772506191163392,http://pbs.twimg.com/media/C5zQJ-PWUAAziNd.jpg
836801586324189189,http://pbs.twimg.com/media/C5zqI67WAAEaaRN.jpg,http://pbs.twimg.com/media/C5zqJtiWQAInq00.jpg
836800904967892992,http://pbs.twimg.com/media/C5zp-4FWUAABLI9.jpg,http://pbs.twimg.com/media/C5zp-4EXQAAOb2j.jpg
836785221743816705,http://pbs.twimg.com/media/C5zbtR4UYAA9Hd-.jpg
836769439970390017,http://pbs.twimg.com/media/C5zNUJJVUAAriSL.jpg
836800954938896387,http://pbs.twimg.com/media/C5zqB6_WYAA0HSX.jpg
836794721527791620,https://video.twimg.com/amplify_video/836794151920336901/vid/1280x720/rDwvUvDAHCKp4YgY.mp4
836802001119903744,http://pbs.twimg.com/media/C5zq-bbXMAQ63a9.jpg
836785777795268608,http://pbs.twimg.com/media/C5zcOiCWYAILK3j.jpg
836803069161705473,http://pbs.twimg.com/media/C5zr7owWMAAmtDz.jpg
836785525633794048,http://pbs.twimg.com/media/C5za26zWAAAp4pR.jpg
836789349622628352,http://pbs.twimg.com/media/C5zfeieWYAAW9UJ.jpg,http://pbs.twimg.com/media/C5zfeiFWQAgsPRs.jpg,http://pbs.twimg.com/media/C5zfei0XQAAbQcE.jpg,http://pbs.twimg.com/media/C5zfejFXEAAmaCu.jpg
836786825146601473,http://pbs.twimg.com/media/C2xpKhsWgAEtEys.jpg
836730653978804226,https://video.twimg.com/tweet_video/C5yqFJ8WMAAwwcU.mp4
836782249727119361,https://video.twimg.com/ext_tw_video/836782182802739200/pu/pl/ImMHKk9zpgRAl06L.mpd
836778101539495936,https://video.twimg.com/ext_tw_video/798689937881239552/pu/pl/NNXz33EFZ_0vB6rO.m3u8
836779295469109250,http://pbs.twimg.com/media/C5zWU7sWMAEWcEC.jpg
836802143935991808,http://pbs.twimg.com/media/C5zrGCrWYAA96Q2.jpg
836795105315024896,http://pbs.twimg.com/media/C5zktK-WAAE6-gO.jpg
836801302646640644,http://pbs.twimg.com/media/C5zqU08WMAIeXkD.jpg
836802105591623682,https://video.twimg.com/tweet_video/C5zrEwlXQAEfAup.mp4
836788088428982272,https://video.twimg.com/ext_tw_video/836360281064255488/pu/pl/DXk4DI5gRkp3_QKo.mpd
836799745985286145,http://pbs.twimg.com/media/C5zo7t6XMAId7rK.jpg
836802694375489536,http://pbs.twimg.com/media/C5zrmsmWcAAPmkO.jpg
836793352498655232,http://pbs.twimg.com/media/C5zjHGAWAAEQpUj.jpg
836802204531064832,http://pbs.twimg.com/media/C5zrKyLWcAEQJb5.jpg,http://pbs.twimg.com/media/C5zrKyuWAAEzfO9.jpg,http://pbs.twimg.com/media/C5zrKzLWUAA6_So.jpg
836792854760550404,https://video.twimg.com/ext_tw_video/836792838406852608/pu/pl/7ASPWeDajEb20YPJ.mpd
836801119418478593,http://pbs.twimg.com/media/C5zqLSJXMAEgiK_.jpg
836777619605577728,http://pbs.twimg.com/media/C5zUz1aWQAAFIR4.jpg
836802186608848896,http://pbs.twimg.com/media/C5zrJy4WcAUWeNl.jpg
836799008681127936,http://pbs.twimg.com/media/C5zoQQsXMAA7xbb.jpg,http://pbs.twimg.com/media/C5zoQQjWYAEEpA8.jpg,http://pbs.twimg.com/media/C5zoQQmWYAIA2zx.jpg
836766539193937922,http://pbs.twimg.com/media/C5zKWIpWAAE4MES.jpg,http://pbs.twimg.com/media/C5zKW1CXMAEqOMg.jpg,http://pbs.twimg.com/media/C5zKXzkXQAAnZ3h.jpg,http://pbs.twimg.com/media/C5zKYeUWMAAQCS8.jpg
836775669904330752,http://pbs.twimg.com/media/C5zTCNWWUAA_qZU.jpg
836754580289400832,http://pbs.twimg.com/media/C5y_yZjU0AAQ8C4.jpg
836785356196442113,http://pbs.twimg.com/media/C5zbuCgXMAEKpnE.jpg
836803123247202305,http://pbs.twimg.com/media/C5zsAIeXMAI05vE.jpg,http://pbs.twimg.com/media/C5zsAIhXQAErjUR.jpg
836802901037154308,http://pbs.twimg.com/media/C5zrzOuXQAIvAox.jpg
836791381989347328,http://pbs.twimg.com/media/C5zhOMJVUAA6hUm.jpg,http://pbs.twimg.com/media/C5zhOvJUsAES2Tg.jpg,http://pbs.twimg.com/media/C5zhPetVMAEuLeP.jpg,http://pbs.twimg.com/media/C5zhPesUYAAkelO.jpg
836803204193083393,https://video.twimg.com/ext_tw_video/836802836486832133/pu/pl/LnY3ndzKTE7FARhX.m3u8
836741008960401410,http://pbs.twimg.com/media/C5yzgzMWYAIE49n.jpg
836779589246464002,https://video.twimg.com/ext_tw_video/836779453061574656/pu/pl/GRDnnDEb4lko4oUm.mpd
836795766249254914,https://video.twimg.com/amplify_video/829547852569337856/vid/720x720/186i-94sW7WOSL_x.mp4
836794047284989952,http://pbs.twimg.com/media/C5zjvgaWAAATsBy.jpg
836777687108706304,https://video.twimg.com/ext_tw_video/836777406442582016/pu/pl/-_TwTpNgLz6EglOq.mpd
836750843739164672,http://pbs.twimg.com/media/C5y8cHoUYAAQfNp.jpg,http://pbs.twimg.com/media/C5y8cobU8AAV1Ew.jpg
836754357542653953,https://video.twimg.com/tweet_video/C5y_bwNU8AAE2TW.mp4
836777573900247040,https://video.twimg.com/ext_tw_video/836777268697518081/pu/vid/240x180/Kpe0ZUWQqktWqjHW.mp4
836736345842167808,http://pbs.twimg.com/media/C5yvRQMUoAEy6uk.jpg
836762484421844992,http://pbs.twimg.com/media/C5zG6WlWAAE_Q5Z.jpg,http://pbs.twimg.com/media/C5zHCOcWMAA4d4T.jpg
836768967725207552,http://pbs.twimg.com/media/C5zM6cNU8AAvJUO.jpg,http://pbs.twimg.com/media/C5zM6cwUYAAlDmm.jpg
836782479172317186,https://video.twimg.com/ext_tw_video/836774765876543488/pu/pl/oGb3JlAynQTqrrSI.mpd
836796892008890371,https://video.twimg.com/ext_tw_video/836617005323079681/pu/vid/640x360/1Ewfdv5__BBM5qDw.mp4
836728082199375874,http://pbs.twimg.com/media/C2tH_8kVEAIA3OK.jpg,http://pbs.twimg.com/media/C2tH_--VIAAizl7.jpg
836800331409473536,http://pbs.twimg.com/media/C5zpcsrXQAAQhq8.jpg,http://pbs.twimg.com/media/C5zpdGZWgAAVyJ7.jpg
836799073021739013,http://pbs.twimg.com/media/C5zoTtmWAAEbtQ6.jpg
836772526365753344,https://video.twimg.com/ext_tw_video/836772439744987137/pu/vid/310x180/n_8EtRB3H8ZyFBft.mp4
836781379685875714,http://pbs.twimg.com/media/C5zYOsmXMAAzPKu.jpg
836779068511162368,http://pbs.twimg.com/media/C5zWDcpWQAAEL3B.jpg
836784956533714944,https://video.twimg.com/amplify_video/836784769014771713/vid/1280x720/pTfsFdxjFCKNxQtp.mp4
836803134546710528,http://pbs.twimg.com/media/C5zsAokWAAAixkc.jpg
836776485184802821,http://pbs.twimg.com/media/C5zTxXiWcAAvygX.jpg
836801819078721536,https://video.twimg.com/tweet_video/C5zqzpKWYAAxbIm.mp4
836801623464763392,http://pbs.twimg.com/media/C5zqQTuWQAM1dCB.jpg,http://pbs.twimg.com/media/C5zqQv3WUAEKFp_.jpg,http://pbs.twimg.com/media/C5zqSZAWMAAfN2O.jpg,http://pbs.twimg.com/media/C5zqT3WWUAM6cHg.jpg
836785201732702208,http://pbs.twimg.com/media/C5zbspIUsAYbBk3.jpg,http://pbs.twimg.com/media/C5zbspiVMAIT7PE.jpg
836795788781039617,https://video.twimg.com/ext_tw_video/836774765876543488/pu/pl/oGb3JlAynQTqrrSI.mpd
836733729854881792,http://pbs.twimg.com/media/C5ys5G9WUAApajq.jpg
836797184448290817,https://video.twimg.com/ext_tw_video/836797066944839681/pu/vid/640x360/b_gLPnfiFo3Xsjc1.mp4
836792370142261254,https://video.twimg.com/ext_tw_video/836389410568450048/pu/vid/360x640/7LJVxkbLVdzkp_n1.mp4
836782399379898368,http://pbs.twimg.com/media/C5zZEzxUwAA_3OQ.jpg
836801946690408450,http://pbs.twimg.com/media/C5zq7uBWYAAVkju.jpg
836779339685384194,https://video.twimg.com/ext_tw_video/836779047875043328/pu/pl/O5QYcLH1t7olO_0c.m3u8
836787901098786816,http://pbs.twimg.com/media/C5zeKQJWcAAIKPW.jpg
836787599784083456,https://video.twimg.com/tweet_video/C5zd38lUsAAzCCo.mp4
836803066926153729,http://pbs.twimg.com/media/C5zr9BjXMAAXqQF.jpg
836741089356832768,https://video.twimg.com/ext_tw_video/836740719565950976/pu/vid/1280x720/TmQuxqjVWpUJHUWB.mp4
836803092880453634,https://video.twimg.com/tweet_video/C5zr96uWMAErKHQ.mp4
836803193522769920,https://video.twimg.com/amplify_video/836798350221529089/vid/432x180/BtUqcrgUaBWvvm0V.mp4
836803215060525056,http://pbs.twimg.com/media/C5zsFoAWAAAmDCE.jpg
836781510799798272,https://video.twimg.com/tweet_video/C5zYVdPU4AERndd.mp4
836760659220185089,http://pbs.twimg.com/media/C5zFYhvWQAEOOeK.jpg,http://pbs.twimg.com/media/C5zFYhiWMAE1Mvj.jpg,http://pbs.twimg.com/media/C5zFYh8WcAAo52_.jpg,http://pbs.twimg.com/media/C5zFYicWAAAMTiG.jpg
836803187982028800,http://pbs.twimg.com/media/C5XTkUYUMAENPkp.jpg
836800809727889409,https://video.twimg.com/tweet_video/C5zpq8dWAAIliJl.mp4
836802683474489344,https://video.twimg.com/ext_tw_video/836731227759644672/pu/vid/1280x720/X0Ry1k5Qr67CXgoM.mp4
836739741747982338,http://pbs.twimg.com/media/C5yyW-aWcAABIHD.jpg
836803186958741509,http://pbs.twimg.com/media/C5zsEDVXEAAGojl.jpg
836767018435108866,https://video.twimg.com/ext_tw_video/836766929331224576/pu/vid/320x180/2eNY_HAYpa3dnKsa.mp4
836797899879120896,http://pbs.twimg.com/media/C5znQBjWMAIPuv6.jpg
836803391561035776,http://pbs.twimg.com/media/C5zsJJNWAAA29Lo.jpg
836755292738105345,http://pbs.twimg.com/media/C5zAbTGVAAAHda1.jpg
836765698487685120,http://pbs.twimg.com/media/C5zJ3KHVAAEkPpD.jpg
836797345052377088,https://video.twimg.com/ext_tw_video/836680434113208321/pu/pl/noxVJIHJoaWpbO2d.m3u8
836802824335941632,https://video.twimg.com/ext_tw_video/836802085521879040/pu/pl/M9xSLAdLaNIfjW6W.m3u8
836800955916169218,http://pbs.twimg.com/media/C5zqCCxWAAA8hQ8.jpg
836731720225460225,http://pbs.twimg.com/media/C5yrB4oUoAEX263.jpg,http://pbs.twimg.com/media/C5yrDgQU4AMlTkQ.jpg
836734942885228544,https://video.twimg.com/ext_tw_video/836734687284346880/pu/vid/240x180/KuC-Gj6ASuclgoTM.mp4
836803321398722560,http://pbs.twimg.com/media/C5zsL3CWMAAkSfL.jpg
836768756223238144,https://video.twimg.com/amplify_video/836767932336111618/vid/640x360/MOWuamYpz4nURznG.mp4
836792282988826624,https://video.twimg.com/ext_tw_video/836698187637325825/pu/vid/720x1280/Qewa78fI3BY2LMQw.mp4
836754151035940864,https://video.twimg.com/ext_tw_video/836753559756558337/pu/vid/480x360/tmQFSbsgCPya9hF6.mp4
836802873333792773,http://pbs.twimg.com/media/C5zrvB3WAAIgdA6.jpg
836769275088093185,https://video.twimg.com/tweet_video/C5zNNSkWUAAyzvX.mp4
836769507234414593,http://pbs.twimg.com/media/C5zNa1iVAAALsuK.jpg
836761359392075777,http://pbs.twimg.com/media/C5zGBJDXEAIPt--.jpg
836778078588239872,http://pbs.twimg.com/media/C5zVOIlWUAA_yiy.jpg
836799840977813505,https://video.twimg.com/ext_tw_video/836799706667823104/pu/vid/640x360/l0zd-qWBj-seSgMj.mp4
836789906294743040,http://pbs.twimg.com/media/C5zf-wMU4AAy4XZ.jpg,http://pbs.twimg.com/media/C5zf-wMVMAAirFh.jpg,http://pbs.twimg.com/media/C5zf-wMVAAIZljC.jpg,http://pbs.twimg.com/media/C5zf-wOU0AEHzHM.jpg
836788788869349377,http://pbs.twimg.com/media/C5ze96ZU4AAi05E.jpg
836784735510749184,https://video.twimg.com/ext_tw_video/836784408694763522/pu/vid/320x180/NRnQy8hTzYZAIzok.mp4
836762918569979905,https://video.twimg.com/ext_tw_video/836181237224124416/pu/pl/RMPuLnn_PlDkhRSe.mpd
836789190608191488,http://pbs.twimg.com/media/C5zfVJkXMAEWeoW.jpg,http://pbs.twimg.com/media/C5zfVJlXMAERFJk.jpg
836791664584896513,https://video.twimg.com/ext_tw_video/836791489707462656/pu/pl/1zqsYl9ofbOUiZHI.mpd
836802139544506369,http://pbs.twimg.com/media/C3Yhxn6XUAAIqT3.jpg,http://pbs.twimg.com/media/C3YhxnUWMAEfMyd.jpg
836792182568808448,http://pbs.twimg.com/media/C2ZcC0tXUAETHc3.jpg,http://pbs.twimg.com/media/C2ZcCzBXcAAeQ17.jpg
836801542091067392,http://pbs.twimg.com/media/C5zqj_3XQAA1UzA.jpg
836791148643495936,http://pbs.twimg.com/media/C5zghbRWAAEs3sp.jpg,http://pbs.twimg.com/media/C5zgkFOWAAAfAhD.jpg,http://pbs.twimg.com/media/C5zglblWAAAna03.jpg,http://pbs.twimg.com/media/C5zg1uFWAAAMNvc.jpg
836785083717541888,http://pbs.twimg.com/media/C5zbmRLU4AAnyNb.jpg
836797315964891139,http://pbs.twimg.com/media/C5zQRMsU0AEycdz.jpg,http://pbs.twimg.com/media/C5zQR7CUoAAlBl7.jpg
836795490142470144,http://pbs.twimg.com/media/C5zlC7HWAAAzefR.jpg
836800295871066112,http://pbs.twimg.com/media/C5zpbtlWgAAX-vr.jpg
836763505382522881,https://video.twimg.com/ext_tw_video/836753559756558337/pu/vid/480x360/tmQFSbsgCPya9hF6.mp4
836753497748025346,http://pbs.twimg.com/media/C5y-2kfWMAAEdk3.jpg,http://pbs.twimg.com/media/C5y-2khXEAIHhJ2.jpg,http://pbs.twimg.com/media/C5y-2knXMAA5QYt.jpg,http://pbs.twimg.com/media/C5y-2kqWgAAkojz.jpg
836746289958293505,http://pbs.twimg.com/media/C5y4UM-WAAAmMap.jpg
836802411914268679,http://pbs.twimg.com/media/C5zrW4ZXEAMzS0q.jpg
836782567294545921,http://pbs.twimg.com/media/C5zZTZ7UsAE0cMW.jpg
836739988758855682,http://pbs.twimg.com/media/C5yylVzUoAAzq3Y.jpg
836799399162429440,http://pbs.twimg.com/media/C5zonOJWcAQEFhb.jpg,http://pbs.twimg.com/media/C5zonOJWMAAJgch.jpg,http://pbs.twimg.com/media/C5zonOJWYAAlXMV.jpg,http://pbs.twimg.com/media/C5zonOIWYAEQM2b.jpg
836746487551954945,https://video.twimg.com/ext_tw_video/836746437320912896/pu/vid/360x640/JKIaQa37X1yhSw6T.mp4
836798749938696192,http://pbs.twimg.com/media/C5znqPWWYAEkhF5.jpg
836798785984606209,http://pbs.twimg.com/media/C5zoDtnXQAUIGJH.jpg
836803446670000128,http://pbs.twimg.com/media/C5zsGk_XEAI1fuE.jpg,http://pbs.twimg.com/media/C5zsQyQWUAEwT0t.jpg
836786934454312960,http://pbs.twimg.com/media/C5zdRxvVMAAGBsu.jpg
836797719700246528,https://video.twimg.com/tweet_video/C5znDQgWcAAzUki.mp4
836801019686301696,http://pbs.twimg.com/media/C5zqF0UWMAIvpXI.jpg
836800672712572928,http://pbs.twimg.com/media/C5zpxpdWQA04VrR.jpg,http://pbs.twimg.com/media/C5zpxorXMAEH9KG.jpg,http://pbs.twimg.com/media/C5zpxp7WMAgpvye.jpg
836753187969196032,http://pbs.twimg.com/media/C5y-hNtUwAA5Mb7.jpg,http://pbs.twimg.com/media/C5y-iLnUYAAYkUs.jpg,http://pbs.twimg.com/media/C5y-jQgU8AEFsyc.jpg,http://pbs.twimg.com/media/C5y-kfzVMAA5q2E.jpg
836799626502103042,http://pbs.twimg.com/media/C5zo0E3WUAAcEdt.jpg
836787331944284160,http://pbs.twimg.com/media/C5zdo5rWAAIdBwo.jpg
836803189655625728,https://video.twimg.com/ext_tw_video/836792312319574016/pu/pl/dR9H1ELm_bTgQv77.m3u8
836803260438687745,http://pbs.twimg.com/media/C5zsIPjWYAEmhH9.jpg
836803412213776384,http://pbs.twimg.com/media/C5zsQ2jXQAENaBQ.jpg
836756293687758848,https://video.twimg.com/ext_tw_video/836755360861999104/pu/vid/266x180/g8l5EeLnfNnZQOs8.mp4
836772997113380865,https://video.twimg.com/amplify_video/827686175867428864/vid/510x640/pvqmCC4KAkzL0nbL.mp4
836802086486564870,http://pbs.twimg.com/media/C5zqkqIWgAA3dhT.jpg
836803091450191874,http://pbs.twimg.com/media/C5zr-VpWMAUDY2t.jpg
836779702396203008,http://pbs.twimg.com/media/C5zWspYVMAIYz2Z.jpg
836744379922546688,http://pbs.twimg.com/media/C5y2kBnUwAA6Ydl.jpg,http://pbs.twimg.com/media/C5y2kBnU8AQD_R-.jpg
836803459382915072,https://video.twimg.com/amplify_video/836803229618941952/pl/p4zmsPVCsEp5OfZ7.mpd
836744364831485953,https://video.twimg.com/ext_tw_video/800833909768519680/pu/pl/yCz8HvyOx6Q1YB7F.m3u8
836763638325108737,http://pbs.twimg.com/media/C5zHiYkVUAAIvne.jpg,http://pbs.twimg.com/media/C5zHj92UYAAyQZM.jpg,http://pbs.twimg.com/media/C5zH0xUU0AI0kwl.jpg,http://pbs.twimg.com/media/C5zH2a1VAAAaRA8.jpg
836771443551666177,https://video.twimg.com/ext_tw_video/836770955418558464/pu/vid/242x180/M2Rlc7RDQbSAI20B.mp4
836768960091721729,http://pbs.twimg.com/media/C5zM7ilWAAE1Fvr.jpg
836789372380905473,https://video.twimg.com/ext_tw_video/836789224229646336/pu/vid/240x240/WDjIPFt9hQJumFSb.mp4
836751803320418304,https://video.twimg.com/ext_tw_video/836745875678355456/pu/vid/1280x720/hdKjvGe21YPavVi0.mp4
836757386765422593,http://pbs.twimg.com/media/C5zCaFIWUAAzB9d.jpg
836741211897528320,http://pbs.twimg.com/media/C5yziSyUsAAd1xb.jpg
836799740679499777,http://pbs.twimg.com/media/C5zoqcgWYAUwqbS.jpg,http://pbs.twimg.com/media/C5zoqelWAAEZCRk.jpg
836754343629991936,http://pbs.twimg.com/media/C5y_o-UU8AAxgpH.jpg
836802608551579648,https://video.twimg.com/ext_tw_video/836802519850438656/pu/vid/1280x720/TgdyusHdFKxoj8-Y.mp4
836799413020413954,http://pbs.twimg.com/media/C5zooT4XMAA0fL0.jpg
836795625232556034,http://pbs.twimg.com/media/C5zlABgWUAEZ7PN.jpg
836786991240904704,https://video.twimg.com/amplify_video/836786862349934592/vid/640x360/khR6CLhY6aiD-Ul7.mp4
836800389999636481,http://pbs.twimg.com/media/C5zpg06WQAAQQ_h.jpg,http://pbs.twimg.com/media/C5zpg1CWUAI9Lp4.jpg,http://pbs.twimg.com/media/C5zpg1bWgAAGMnT.jpg,http://pbs.twimg.com/media/C5zpg1fWUAAgBFL.jpg
836787186167123969,https://video.twimg.com/ext_tw_video/836786107350192128/pu/pl/f7F7cu0lRmQEpWmg.mpd
836803187185184768,http://pbs.twimg.com/media/C5zsEClXMAAGxVA.jpg
836751785675096065,http://pbs.twimg.com/media/C5y9TvGWcAEZVdF.jpg,http://pbs.twimg.com/media/C5y9TvGXMAYrzmJ.jpg
836796575187873796,http://pbs.twimg.com/media/C5zl-7aWgAIt8bT.jpg
836766761722732546,https://video.twimg.com/ext_tw_video/836756840943878146/pu/pl/4P612BWWXifUORw5.m3u8
836803455981400066,http://pbs.twimg.com/media/C5zsThxWYAAev5h.jpg
836778278027476992,http://pbs.twimg.com/media/C5zVXk3WAAIId8h.jpg
836803311642767363,http://pbs.twimg.com/media/C5ITUx3WYAAuqZZ.jpg
836794549401968640,http://pbs.twimg.com/media/C5zkNDVXQAM0ste.jpg
836794866587865088,http://pbs.twimg.com/media/C5zkVs7WYAAORpJ.jpg
836787872623624192,http://pbs.twimg.com/media/C5zeFPgWQAAKsxR.jpg
836795620291719169,https://video.twimg.com/ext_tw_video/836774765876543488/pu/pl/oGb3JlAynQTqrrSI.mpd
836743805076406273,http://pbs.twimg.com/media/C5y2C8RWYAISExO.jpg
836746095036350470,http://pbs.twimg.com/media/C5y4IbyWQAQEa4A.jpg
836781234713919489,http://pbs.twimg.com/media/C5zYGIwWgAE-CQm.jpg
836800980356321282,http://pbs.twimg.com/media/C5zqDZmWQAEkUXM.jpg
836773414098579456,http://pbs.twimg.com/media/C5zQqmPU0AElaFS.jpg
836773891989245952,http://pbs.twimg.com/media/C5zRa1UXEAI2EGn.jpg
836776004735520769,https://video.twimg.com/tweet_video/C5xggBmU0AA-PfX.mp4
836748094331052032,https://video.twimg.com/tweet_video/C5y58npUwAASK1n.mp4
836803237114220544,http://pbs.twimg.com/media/C5zsG76XQAEC743.jpg
836774506672893952,https://video.twimg.com/ext_tw_video/836773672413196288/pu/vid/326x180/PBJHIiAC1Bec8rbh.mp4
836796894634471424,http://pbs.twimg.com/media/C5zmTJDXQAAX_nl.jpg,http://pbs.twimg.com/media/C5zmVkjWYAAs_AP.jpg
836803590371016706,http://pbs.twimg.com/media/C5zsbVyXEAACyLU.jpg
836801383449886723,https://video.twimg.com/ext_tw_video/836799969864605699/pu/pl/4nKwKKeKmwcmzb28.m3u8
836754726486163458,https://video.twimg.com/ext_tw_video/836754694621954048/pu/vid/256x320/nMdGc8PoKCeV_TNT.mp4
836789888792023047,https://video.twimg.com/ext_tw_video/836774765876543488/pu/pl/oGb3JlAynQTqrrSI.mpd
836803545529741312,http://pbs.twimg.com/media/C5zsYuqWUAUnUhc.jpg
836745556781301764,http://pbs.twimg.com/media/C5w7_7BU8AAHfD5.jpg
836753855660584961,https://video.twimg.com/ext_tw_video/836753715356893185/pu/vid/320x180/QGmCpGfSfBPvYsfR.mp4
836803438088454145,http://pbs.twimg.com/media/C5zsSoLXQAAf-k8.jpg
836798289118908418,http://pbs.twimg.com/media/C5zmV16WMAAz6td.jpg
836787599855366144,http://pbs.twimg.com/media/C5zd4U6U8AACiO8.jpg
836767203189993472,http://pbs.twimg.com/media/C5zLVcEWcAEZEgY.jpg
836800187892920321,http://pbs.twimg.com/media/C5zpVDSWUAAIfEB.jpg
836769276056993792,http://pbs.twimg.com/media/C5zNODhWAAEwjyW.jpg
836793096243400705,http://pbs.twimg.com/media/C5zi4A9XQAAUsfO.jpg,http://pbs.twimg.com/media/C5zi4A1WMAASrzj.jpg
836801370640502784,http://pbs.twimg.com/media/C5zqZUpWUAIuwgY.jpg
836768625499439104,http://pbs.twimg.com/media/C5zMmVbXEAAcLNf.jpg,http://pbs.twimg.com/media/C5zMmVcXMAA6Bz5.jpg
836797082283491328,https://video.twimg.com/ext_tw_video/836797046388637706/pu/pl/Db_nrSfe-FlWVZHG.m3u8
836793628441862145,http://pbs.twimg.com/media/C5zjXkcWgAE9Sb_.jpg
836732789873467393,https://video.twimg.com/tweet_video/C5ysBvEUoAAgQlj.mp4
836758601574277120,http://pbs.twimg.com/media/C5zDYJTUYAAtFej.jpg
836759879008325632,http://pbs.twimg.com/media/C5zEq12WMAIzW4r.jpg
836803214439768065,http://pbs.twimg.com/media/C5zsFiSXQAESQU3.jpg
836803390688608260,http://pbs.twimg.com/media/C5zsP6OXQAMdC9S.jpg
836772779328405505,http://pbs.twimg.com/media/C5zQZnJVUAEhz4E.jpg
836758915538903040,http://pbs.twimg.com/media/C5zDzFQWUAEePCM.jpg
836770218202517504,http://pbs.twimg.com/media/C5zN98wWAAA2Vj4.jpg
836801934413684737,http://pbs.twimg.com/media/C5zq7GXWYAAlt6g.jpg
836729909762527232,https://video.twimg.com/ext_tw_video/836424170644754432/pu/pl/i6M1WdUDiWvBoFIf.mpd
836802672481140736,https://video.twimg.com/ext_tw_video/836801874791628800/pu/vid/360x640/YIqf3hX3k7Pfl9TR.mp4
836773184062046208,http://pbs.twimg.com/media/C5zQxpbXMAANojg.jpg
836764159387840512,https://video.twimg.com/ext_tw_video/836764021986480128/pu/pl/WQOn5MUU_8Flzk17.m3u8
836800954984980480,https://video.twimg.com/ext_tw_video/836162822782533632/pu/vid/638x360/9WeTqx2tfitKn-R5.mp4
836753866095878144,http://pbs.twimg.com/media/C5y_MLoUwAAXC5w.jpg
836756621124591616,https://video.twimg.com/ext_tw_video/836556668733292544/pu/vid/720x720/5J_Zrv4wY7RVQ3A_.mp4
836797305231720448,http://pbs.twimg.com/media/C5zmtpBWMAAbpWc.jpg
836755856326819841,http://pbs.twimg.com/media/C5zBBCVXMAEXaV8.jpg
836756804935766019,http://pbs.twimg.com/media/C5zB2y5WcAAv6aB.jpg
836803273524981760,http://pbs.twimg.com/media/C5zsId_WgAIZ2kG.jpg
836788941613248512,http://pbs.twimg.com/media/C5zfGjpUYAAf9Wz.jpg
836793182436257792,http://pbs.twimg.com/media/C5zi8LhWgAAeHJr.jpg
836796900003221505,http://pbs.twimg.com/media/C5zmWBzXMAEVC9-.jpg
836784959994150912,https://video.twimg.com/ext_tw_video/836784794100957184/pu/pl/1FSOJuN-PX-M5d5Z.mpd
836802589589139456,http://pbs.twimg.com/media/C5zrhTZXEAA9vxa.png
836784781413265408,http://pbs.twimg.com/media/C5zbUWlXEAEvxon.jpg
836742988860649473,http://pbs.twimg.com/media/C5y1T33WYAE42Xj.jpg
836770113021964288,http://pbs.twimg.com/media/C5zN-3pXMAAb7rL.jpg,http://pbs.twimg.com/media/C5zN-1ZWcAIPqIk.jpg,http://pbs.twimg.com/media/C5zN-1jWQAA-JFD.jpg,http://pbs.twimg.com/media/C5zN-2LXQAIuz5-.jpg
836803430026969089,https://video.twimg.com/ext_tw_video/814749539060027392/pu/pl/jSw3-4BoWbwHBedQ.m3u8
836780197877846016,https://video.twimg.com/ext_tw_video/836780156106620928/pu/vid/480x480/Wv9QAfappqMzyHu1.mp4
836795161447395330,http://pbs.twimg.com/media/C5zkvEyWMAE8F3P.jpg,http://pbs.twimg.com/media/C5zkvudWcAI3vP6.jpg,http://pbs.twimg.com/media/C5zkv8oWcAUzt0f.jpg,http://pbs.twimg.com/media/C5zkwcSWcAENgEG.jpg
836782845268004865,http://pbs.twimg.com/media/C5zZjyMWUAASRf3.jpg
836793161972211713,http://pbs.twimg.com/media/C5zi7BXWcAQK06u.jpg
836780395500744704,http://pbs.twimg.com/media/C5zXVQpVAAAeCA0.jpg
836773322713092097,http://pbs.twimg.com/media/C5zQ4jZVMAAkHA1.jpg
836794748602048512,http://pbs.twimg.com/media/C5zkYjqWcAMCNM6.jpg
836803233653870592,http://pbs.twimg.com/media/C5zsFxrWgAAJJuk.jpg
836799816218861568,http://pbs.twimg.com/media/C5zo_10XQAAq2uE.jpg,http://pbs.twimg.com/media/C5zo_16WAAAeNkE.jpg,http://pbs.twimg.com/media/C5zo_2AWUAAJgaq.jpg
836801026200043520,http://pbs.twimg.com/media/C5zqGFZXMAAF3Qj.jpg,http://pbs.twimg.com/media/C5zqGFqXEAADK3D.jpg
836757194460684288,http://pbs.twimg.com/media/C5zCOEUU4AAEdy4.jpg
836728871231893511,https://video.twimg.com/ext_tw_video/836727439506063361/pu/pl/fSp0IeQzZbqbUWKn.m3u8
836799246435254272,http://pbs.twimg.com/media/C5zoePNWMAAqDnZ.jpg
836782684152070147,https://video.twimg.com/ext_tw_video/836755360861999104/pu/vid/266x180/g8l5EeLnfNnZQOs8.mp4
836774300631855107,https://video.twimg.com/tweet_video/C5pe4DWVMAAlCMO.mp4
836787605308059649,https://video.twimg.com/ext_tw_video/836787530477424640/pu/pl/9hJNmmkJTRrHvKj7.m3u8
836791661761978368,http://pbs.twimg.com/media/C5zhkN8UsAE28jz.jpg
836759951540387840,http://pbs.twimg.com/media/C5zEvakWAAQdXPD.jpg
836803399962267648,http://pbs.twimg.com/media/C5zsOXnWUAMBpj0.jpg,http://pbs.twimg.com/media/C5zsOXpXQAA93WM.jpg,http://pbs.twimg.com/media/C5zsOYeXMAAJ659.jpg
836740970183942144,https://video.twimg.com/tweet_video/C5yPnLPWMAAM1HV.mp4
836801371756244992,http://pbs.twimg.com/media/C5zqWdgWAAIgcdm.jpg
836750028886564864,http://pbs.twimg.com/media/C5y7s-SUYAARTYD.jpg
836754146099412993,https://video.twimg.com/ext_tw_video/831538415405563904/pu/pl/x5CBE4XrC1_PDmhb.m3u8
836794693149085696,https://video.twimg.com/ext_tw_video/836793512079278081/pu/vid/640x360/QCk6ZM-hCNgzuAUq.mp4
836801180185546752,http://pbs.twimg.com/media/C5zqPK5XQAMzhg4.jpg
836803024077074432,http://pbs.twimg.com/media/C5zryWLWAAA_L69.jpg
836776546178215936,https://video.twimg.com/tweet_video/C5zT074U0AEnqQO.mp4
836801579944652800,http://pbs.twimg.com/media/C5zqmSkWYAEoxC1.jpg
836788597856468992,https://video.twimg.com/tweet_video/C5zeyr0VUAEEsAI.mp4
836803451002576896,https://video.twimg.com/amplify_video/836728040759644164/pl/wL87ZaLlAigATuE4.mpd
836795768354779138,http://pbs.twimg.com/media/C5zlT1iXMAEBVg2.jpg
836802553945935873,http://pbs.twimg.com/media/CvilcdPUEAAJoh0.jpg
836791507294306305,http://pbs.twimg.com/media/C5zhbzzUoAAPycl.jpg
836729807887036416,http://pbs.twimg.com/media/C5ypUtsXEAE0b5W.jpg
836785860779573248,http://pbs.twimg.com/media/C5zcTdtWQAAl1ds.jpg,http://pbs.twimg.com/media/C5zcTeIWMAAb_hQ.jpg,http://pbs.twimg.com/media/C5zcTeSWYAAcQmE.jpg
836767613132779520,http://pbs.twimg.com/media/C5zLsYIUoAA-y5R.jpg
836797321987907584,http://pbs.twimg.com/media/C5zmtsSWQAAwwfU.jpg,http://pbs.twimg.com/media/C5zmtwRWAAAv8mM.jpg,http://pbs.twimg.com/media/C5zmtwaXQAEFn4L.jpg,http://pbs.twimg.com/media/C5zmtwRWAAEY0hX.jpg
836803544284073984,http://pbs.twimg.com/media/C5zsYY3WQAE_Oh8.jpg,http://pbs.twimg.com/media/C5zsYcEWMAIgLv4.jpg,http://pbs.twimg.com/media/C5zsYjlWgAMlR7b.jpg,http://pbs.twimg.com/media/C5zsYlhWUAA7jHM.jpg
836790965532672000,http://pbs.twimg.com/media/C5zg7_GU0AEUOLj.jpg,http://pbs.twimg.com/media/C5zg7_GUoAA0611.jpg
836773273878872064,http://pbs.twimg.com/media/C5zQ1lXUYAASrA6.jpg
836748872533725184,https://video.twimg.com/tweet_video/C5wzvJ8WAAE1ZUR.mp4
836750725052952576,http://pbs.twimg.com/media/C5y8WRdUoAAEKDy.jpg
836800121417396225,http://pbs.twimg.com/media/C5zpQ38WYAI19CA.jpg
836764982628868097,http://pbs.twimg.com/media/C5zJSqOUsAACqe3.jpg
836796543676088321,http://pbs.twimg.com/media/C5zmBMWXMAYxO9k.jpg,http://pbs.twimg.com/media/C5zmBMZWYAEknCG.jpg
836742022836994048,https://video.twimg.com/ext_tw_video/836741921250783232/pu/vid/240x240/a_8L-Bu8JtB_H1XK.mp4
836803623145390080,http://pbs.twimg.com/media/C5zsdHZXEAEAVVv.jpg
836753634553552896,http://pbs.twimg.com/media/C5y--ihU0AEXlDi.jpg
836802042253438977,http://pbs.twimg.com/media/C5zrANcWYAAmHO6.jpg
836802323322134529,http://pbs.twimg.com/media/C5zrRTbWAAEpaZ9.jpg
836799062942826497,https://video.twimg.com/ext_tw_video/836797680819056640/pu/vid/1280x720/vtR8rO3Xls7zRkus.mp4
836757039351132160,https://video.twimg.com/tweet_video/C5zCEecVUAAeK04.mp4
836754991562035201,http://pbs.twimg.com/media/C5y-2kfWMAAEdk3.jpg,http://pbs.twimg.com/media/C5y-2khXEAIHhJ2.jpg,http://pbs.twimg.com/media/C5y-2knXMAA5QYt.jpg,http://pbs.twimg.com/media/C5y-2kqWgAAkojz.jpg
836803698999365634,http://pbs.twimg.com/media/C5zshoFXQAENRwq.jpg
836796393532624900,http://pbs.twimg.com/media/C5zl4myWgAEZy1P.jpg
836766208292765696,http://pbs.twimg.com/media/C5zKXc6UwAEV-fX.jpg
836787731208495104,http://pbs.twimg.com/media/C5zd_0OUYAEhMJK.jpg,http://pbs.twimg.com/media/C5zd_94U8AIfq1r.jpg,http://pbs.twimg.com/media/C5zeAULU0AMQ1Wn.jpg
836748654597791745,http://pbs.twimg.com/media/C5y6NIxWYAAKriq.jpg
836802893613305857,http://pbs.twimg.com/media/C5zryv-WUAEbJWf.jpg
836795725627408384,https://video.twimg.com/ext_tw_video/836795433435422720/pu/pl/jbyLcpfDQRDd9e8j.m3u8
836771003636269056,https://video.twimg.com/ext_tw_video/836521298662670336/pu/pl/qc0dOxuaz7ZQqMNV.m3u8
836788244088041475,https://video.twimg.com/ext_tw_video/719186683237949440/pu/vid/640x360/a-6T-c76g4zyK3ut.mp4
836800093210755072,http://pbs.twimg.com/media/C5zpPynWQAET1Rz.jpg,http://pbs.twimg.com/media/C5zpPypXEAEOpH4.jpg
836800677900873728,https://video.twimg.com/tweet_video/C5rDWBzU8AQ_5LS.mp4
836803697950732288,http://pbs.twimg.com/media/C5zsexJWcAI9NW9.jpg
836798539862798340,http://pbs.twimg.com/media/C5zn1PnWcAw4tjo.jpg
836794777286950916,http://pbs.twimg.com/media/C5zkajKWgAAm0v2.jpg
836792617312661504,http://pbs.twimg.com/media/C5zib2fXMAAgVWf.jpg
836783714029846529,https://video.twimg.com/tweet_video/C5zaVDeU8AAKJfk.mp4
836777575737262080,https://video.twimg.com/ext_tw_video/836777478349676545/pu/vid/180x320/TuqaTRpAjPw55QI3.mp4
836801660718559241,http://pbs.twimg.com/media/C5zqq_CXEAAvbut.jpg
836794768176918530,https://video.twimg.com/ext_tw_video/836794723675357185/pu/vid/720x1280/FaYndjlW5Dy97sfN.mp4
836768561968386049,https://video.twimg.com/ext_tw_video/836768383819517952/pu/vid/640x360/Mf4OMoVKdVtlexlm.mp4
836790221165428736,https://video.twimg.com/ext_tw_video/836789923734679553/pu/vid/480x480/RMmiJbmdt8aa3D19.mp4
836784695564173313,https://video.twimg.com/ext_tw_video/836784601976745984/pu/pl/4mUbvU-CpMYd8UzY.m3u8
836775301292109824,https://video.twimg.com/ext_tw_video/836773735797506048/pu/vid/1280x720/iDxzXuco9DQWs-uy.mp4
836746094461726728,http://pbs.twimg.com/media/C5y4ImVU4AACZS7.jpg
836741734872854528,http://pbs.twimg.com/media/C5y0KCUWYAADiM_.jpg,http://pbs.twimg.com/media/C5y0KDHWcAA044R.jpg,http://pbs.twimg.com/media/C5y0KD4XQAE3J_E.jpg,http://pbs.twimg.com/media/C5y0KEqWYAAaXOi.jpg
836759458424434688,http://pbs.twimg.com/media/C5zESP9U0AEHS6X.jpg,http://pbs.twimg.com/media/C5zESP-U0AAb8fs.jpg
836733950307487744,http://pbs.twimg.com/media/C5ytF58XEAAIy5O.jpg
836784807191408640,http://pbs.twimg.com/media/C5zbWAsWUAIGccy.jpg
836775150599077889,https://video.twimg.com/tweet_video/C5zSjpFUwAAivBT.mp4
836802232238624769,http://pbs.twimg.com/media/C5zrMY3WQAQ5sTU.jpg
836792585196724224,https://video.twimg.com/tweet_video/C5zhhgpU4AABqQT.mp4
836794775265148928,http://pbs.twimg.com/media/C5zkaLqWYAAFA9_.jpg
836736187771600896,https://video.twimg.com/ext_tw_video/798674784120930304/pu/vid/180x320/Dlk48NKTaFN4cwnM.mp4
836780960695857152,http://pbs.twimg.com/media/C5zXyZWWMAAf6Xi.jpg
836774017940000769,http://pbs.twimg.com/media/C5zRiCAWgAY-9bg.jpg,http://pbs.twimg.com/media/C5zRiB_XEAAbJ9o.jpg,http://pbs.twimg.com/media/C5zRiB_WMAUOySV.jpg,http://pbs.twimg.com/media/C5zRiCAWgAcp6E7.jpg
836785353369522176,http://pbs.twimg.com/media/C5zb1z2XQAAWjMn.jpg,http://pbs.twimg.com/media/C5zb124WAAA017R.jpg,http://pbs.twimg.com/media/C5zb124WMAAivI-.jpg,http://pbs.twimg.com/media/C5zb13UXEAAK0G3.jpg
836778200797605888,http://pbs.twimg.com/media/C5zVTzDU8AArzwD.jpg
836782106432827392,http://pbs.twimg.com/media/C5zYvm7UoAAd-j3.jpg,http://pbs.twimg.com/media/C5zYzkBVAAA-R5o.jpg,http://pbs.twimg.com/media/C5zY1GJVAAIN6LE.jpg,http://pbs.twimg.com/media/C5zY3ZLVUAAQRdH.jpg
836751550416564226,https://video.twimg.com/ext_tw_video/836751525175242756/pu/pl/NsOanXGP1tJ_IIEN.mpd
836750168988901376,http://pbs.twimg.com/media/C5y711GUoAAPWaz.jpg
836800291102146560,http://pbs.twimg.com/media/C5zpa_NWcAAuY9x.jpg
836758211160064001,https://video.twimg.com/tweet_video/C5zDJ_KWQAE8B9f.mp4
836803768444469252,http://pbs.twimg.com/media/C5zsls4WMAUAdc-.jpg
836748360572809216,https://video.twimg.com/tweet_video/C5y6KqGUsAI_oPJ.mp4
836793121660944388,http://pbs.twimg.com/media/C5xj1IbWUAEpfrp.jpg,http://pbs.twimg.com/media/C5xj1IeWgAAU3Wl.jpg
836768422453260288,http://pbs.twimg.com/media/C5zMcD_U8AAQ_Tu.jpg
836802501001228288,http://pbs.twimg.com/media/C5zqXVgWgAIAEU9.jpg,http://pbs.twimg.com/media/C5zqXQxWYAAPz8Z.jpg
836770320258256896,http://pbs.twimg.com/media/C5zOIAmVMAAUhfI.jpg,http://pbs.twimg.com/media/C5zOIA5UwAARMFh.jpg,http://pbs.twimg.com/media/C5zOIAtUsAAhvV_.jpg,http://pbs.twimg.com/media/C5zOIA1VUAA-F7r.jpg
836793689347252224,https://video.twimg.com/ext_tw_video/836793463765102592/pu/vid/1280x720/SQLl759NX_F0ns8X.mp4
836746698357624834,https://video.twimg.com/tweet_video/C5y4rLTXMAAd72D.mp4
836746442689536000,http://pbs.twimg.com/media/C5y4ctxVUAEKGc3.jpg
836789829174095872,http://pbs.twimg.com/media/C5zf4l3UwAA7H1p.jpg,http://pbs.twimg.com/media/C5zf5HyUwAAuOy9.jpg,http://pbs.twimg.com/media/C5zf5hQVUAADNwg.jpg,http://pbs.twimg.com/media/C5zf5-NUwAAv84n.jpg
836800598951530501,http://pbs.twimg.com/media/C5zpkN_XEAI3L70.jpg,http://pbs.twimg.com/media/C5zpnyRWQAEkgBF.jpg,http://pbs.twimg.com/media/C5zpqBqWcAAOwMK.jpg,http://pbs.twimg.com/media/C5zprIdXMAAj2Ae.jpg
836747722631753728,http://pbs.twimg.com/media/C5y5ngoUwAAG1bU.jpg,http://pbs.twimg.com/media/C5y5ngsVMAAgCP1.jpg
836803764359204864,https://video.twimg.com/tweet_video/C5zsbQMWQAENHio.mp4
836794630704353280,http://pbs.twimg.com/media/C5zkRxdUYAAMfQT.jpg
836768458528391168,http://pbs.twimg.com/media/C5x1sB-WcAEuzLu.jpg
836791792985071616,http://pbs.twimg.com/media/C5zhsF0VMAAXdNe.jpg,http://pbs.twimg.com/media/C5zhsF7VAAAs2V0.jpg,http://pbs.twimg.com/media/C5zhsGAVMAA_tMK.jpg
836736499064397827,https://video.twimg.com/tweet_video/C5wzvJ8WAAE1ZUR.mp4
836771546760871936,http://pbs.twimg.com/media/C5zPSJwWAAAlO5K.jpg
836800696326451200,http://pbs.twimg.com/media/C5zpyZ1WMAMAQAM.jpg
836756861001084928,http://pbs.twimg.com/media/C5zB7LcWgAISZqE.jpg
836803447101992960,http://pbs.twimg.com/media/C5zsSd1WcAAxWMB.jpg
836785115602759681,http://pbs.twimg.com/media/C5zbnuOXMAI4l2E.jpg
836789348326588416,https://video.twimg.com/ext_tw_video/834402329340305409/pu/vid/238x320/Kn829NdL4GdGNhjo.mp4
836798224677613570,http://pbs.twimg.com/media/C5znidJWUAE5s6B.jpg
836772463858057216,http://pbs.twimg.com/media/C5zPdTUXEAIdAVe.jpg
836788979265650692,http://pbs.twimg.com/media/C5zfIdiU8AAOaUC.jpg
836798179672735744,http://pbs.twimg.com/media/C5zngjdXQAATatz.jpg
836791267921117187,http://pbs.twimg.com/media/C5zhK1aU0AE1NKc.jpg,http://pbs.twimg.com/media/C5zhLvwUwAADDhW.jpg
836803946786213890,http://pbs.twimg.com/media/C5zsuPXWcAEt77d.jpg,http://pbs.twimg.com/media/C5zsuumWgAECVTI.jpg,http://pbs.twimg.com/media/C5zsvKXWcAA0FgF.jpg,http://pbs.twimg.com/media/C5zswIqWQAIp8TR.jpg
836786695236284420,http://pbs.twimg.com/media/C5zdC72U0AAeR8A.jpg,http://pbs.twimg.com/media/C5zdC75U8AE-ZkJ.jpg,http://pbs.twimg.com/media/C5zdC79UYAAPynt.jpg
836800762730672128,https://video.twimg.com/tweet_video/C5zp2mwWMAUXBkE.mp4
836803565196836864,http://pbs.twimg.com/media/C5zsZukWcAAH1kU.jpg,http://pbs.twimg.com/media/C5zsZupWQAANpSl.jpg
836746764673744898,http://pbs.twimg.com/media/C5y4vlwWgAEwcpI.jpg
836802370948452352,http://pbs.twimg.com/media/C5zrUIrWAAQoT_s.jpg,http://pbs.twimg.com/media/C5zrUIwWAAQxxj6.jpg,http://pbs.twimg.com/media/C5zrUIwXQAMmMDg.jpg,http://pbs.twimg.com/media/C5zrUIwWYAAZsME.jpg
836789984984080388,http://pbs.twimg.com/media/C5zgC6PVAAA4mX2.jpg
836789849432670208,http://pbs.twimg.com/media/C5zf7jyWcAE9BWB.jpg
836762796138328065,http://pbs.twimg.com/media/C5zHUzbUoAAwe-t.jpg
836790732241383425,http://pbs.twimg.com/media/C5zgvGbWYAAnoS4.jpg
836796031555760132,http://pbs.twimg.com/media/C5zlh7aWcAAw3rd.jpg,http://pbs.twimg.com/media/C5zlilPWYAMRXYO.jpg
836756348914257921,https://video.twimg.com/ext_tw_video/836756010979188740/pu/pl/IHYSUK2Z4Gg2B5WW.m3u8
836778738792615937,http://pbs.twimg.com/media/C5zV09FVUAAMj85.jpg
836773032421175297,https://video.twimg.com/ext_tw_video/836772186471878656/pu/vid/640x360/3_Tu0PTYYpK7_R7Z.mp4
836767285360537600,http://pbs.twimg.com/media/C5zLTCQVUAEY4Od.jpg
836754554527989760,http://pbs.twimg.com/media/C5y_1FJXMAAJPNw.jpg
836794778884812800,http://pbs.twimg.com/media/C5zkJ8NUsAADbPb.jpg
836772622033686528,https://video.twimg.com/tweet_video/C5zQIuHWgAA6L3D.mp4
836799824431312896,http://pbs.twimg.com/media/C5zpAUvWQAE7s1e.jpg,http://pbs.twimg.com/media/C5zpAUVWgAEYeWj.jpg
836751669778067460,http://pbs.twimg.com/media/C5y9M-BXMAAaQn8.jpg
836777715378368512,http://pbs.twimg.com/media/C5zUyI5UoAAk4NW.jpg
836773048090935297,http://pbs.twimg.com/media/C5zQovmUwAA_EVC.jpg
836802534144626689,http://pbs.twimg.com/media/C5zrdPhXQAAsFIF.jpg
836799012841881601,https://video.twimg.com/ext_tw_video/836798929589133312/pu/pl/vxP6WzzFXk0Dislz.m3u8
836741598885064704,https://video.twimg.com/ext_tw_video/836723040129949696/pu/vid/1280x720/R2kwAwI2cVwVYTo4.mp4
836774266423111680,http://pbs.twimg.com/media/C5zRwHyXMAAAeKg.jpg
836771049505161216,http://pbs.twimg.com/media/C5zOz1nUwAAMWKg.jpg
836763939597791232,http://pbs.twimg.com/media/C5zHZYfUwAAPAP8.jpg
836798988502380545,http://pbs.twimg.com/media/C5zoMehWYAAcWjJ.jpg,http://pbs.twimg.com/media/C5zoOL9XMAAazf8.jpg
836774255916421120,http://pbs.twimg.com/media/C5zRwAIWMAIbr-B.jpg
836764921434099713,http://pbs.twimg.com/media/C5zJQq2XEAA9Lpb.jpg
836803244840079363,http://pbs.twimg.com/media/C2azjw5WgAITxwp.jpg,http://pbs.twimg.com/media/C2azjvQXUAAzv1M.jpg,http://pbs.twimg.com/media/C2azjxyXUAAwx1a.jpg
836773303813619712,http://pbs.twimg.com/media/C5zQ24rWUAAj15W.jpg,http://pbs.twimg.com/media/C5zQ3phWMAIEYJb.jpg,http://pbs.twimg.com/media/C5zQ4IrWcAQVmSy.jpg
836802880417980416,http://pbs.twimg.com/media/C5zrx8HXMAAmmIG.jpg
836786030023888896,http://pbs.twimg.com/media/C5zcaewU4AEcmZL.jpg
836772537044455424,https://video.twimg.com/ext_tw_video/836772486742224897/pu/vid/480x480/UEqEIGk4_ko39DKF.mp4
836768836800155648,http://pbs.twimg.com/media/C5zM0lMU4AAcbph.jpg
836803945460871174,https://video.twimg.com/tweet_video/C5zswB6WYAIlhfK.mp4
836776765846654976,http://pbs.twimg.com/media/C5zUCHbXQAcNKkD.jpg,http://pbs.twimg.com/media/C5zUCHmWgAEzcdj.jpg,http://pbs.twimg.com/media/C5zUCHFXQAAxDcQ.jpg
836803691885785088,http://pbs.twimg.com/media/C5zshZoXQAIQVG0.jpg
836803295113011204,http://pbs.twimg.com/media/C5zsKSgWQAEB90m.jpg,http://pbs.twimg.com/media/C5zsKP4WcAAfD91.jpg,http://pbs.twimg.com/media/C5zsKOtWMAAcAEG.jpg,http://pbs.twimg.com/media/C5zsKP4WgAABtiP.jpg
836804033054707716,http://pbs.twimg.com/media/C5zs065XMAEWhfB.jpg
836765441355841536,http://pbs.twimg.com/media/C5vj922WMAE94c4.jpg
836771117457108993,http://pbs.twimg.com/media/C5zO1bQU4AAbiCd.jpg
836803570649468932,http://pbs.twimg.com/media/C5zsZleWAAMJtgC.jpg
836736016031629312,https://video.twimg.com/ext_tw_video/836735901837352960/pu/vid/640x360/mc_UWwSfB6pLbPsg.mp4
836789603239620609,http://pbs.twimg.com/media/CyfKw_JXcAATsON.jpg,http://pbs.twimg.com/media/CyfKw_JXEAQ5NT2.jpg,http://pbs.twimg.com/media/CyfKw_KWQAEwTUv.jpg,http://pbs.twimg.com/media/CyfKw_KXAAAHG45.jpg
836799076184252417,http://pbs.twimg.com/media/C5zn01pVAAAiyJL.jpg,http://pbs.twimg.com/media/C5zn2biVUAAadx0.jpg,http://pbs.twimg.com/media/C5zn4RtVAAAp_bF.jpg
836793849045467136,http://pbs.twimg.com/media/C5zjkgZWgAAWDWN.jpg
836803214695612417,http://pbs.twimg.com/media/C5zsFCoWAAEWqZI.jpg,http://pbs.twimg.com/media/C5zsFCoWQAEo4SE.jpg,http://pbs.twimg.com/media/C5zsFCvWAAEWvYr.jpg,http://pbs.twimg.com/media/C5zsFC3WQAE0DJo.jpg
836798245561040897,http://pbs.twimg.com/media/Cze9gflWQAAIPMV.jpg,http://pbs.twimg.com/media/Cze9gfoXAAEMxSg.jpg,http://pbs.twimg.com/media/Cze9gfwXAAAKcYY.jpg
836800045450158080,http://pbs.twimg.com/media/C5zpMuQWAAAnKoI.jpg
836775757691039748,http://pbs.twimg.com/media/C5zTHfhU0AEehhJ.jpg
836803347508256775,http://pbs.twimg.com/media/C5zsL6-XQAA0f3Z.jpg
836793089121533953,http://pbs.twimg.com/media/C5zi3thXMAEcYBr.jpg
836732788460015617,https://video.twimg.com/tweet_video/C5ysBULU8AAhID3.mp4
836801687033622529,http://pbs.twimg.com/media/C5zqkYVXEAAyD23.jpg
836771582055956482,http://pbs.twimg.com/media/C5zPUZNWYAEIy0N.jpg
836796891677528066,http://pbs.twimg.com/media/C5zmPF6XEAIlKFd.jpg,http://pbs.twimg.com/media/C5zmQrrWYAAytf7.jpg,http://pbs.twimg.com/media/C5zmTXsXEAEWHWI.jpg,http://pbs.twimg.com/media/C5zmUMTWAAIFp4D.jpg
836802925360005122,http://pbs.twimg.com/media/C5zrzDsWcAM_Dqe.jpg,http://pbs.twimg.com/media/C5zrzDlXMAAvk0Z.jpg,http://pbs.twimg.com/media/C5zrzDxWgAAiLL6.jpg,http://pbs.twimg.com/media/C5zrzDsWcAAzI2K.jpg
836779466131136513,http://pbs.twimg.com/media/C5zWfRfWMAElYar.jpg
836791730464751616,http://pbs.twimg.com/media/C5zhotaWcAADIr4.jpg
836753750375055360,http://pbs.twimg.com/media/C5y_F_QVUAAL3AI.jpg,http://pbs.twimg.com/media/C5y_F_RUYAAIn9W.jpg
836739992143683584,http://pbs.twimg.com/media/C5yylakVAAI_XzH.jpg
836751592225374208,https://video.twimg.com/ext_tw_video/836360281064255488/pu/pl/DXk4DI5gRkp3_QKo.mpd
836780863165640706,http://pbs.twimg.com/media/C5zXv4HWUAAgwu9.jpg,http://pbs.twimg.com/media/C5zXv4GWQAE7gLS.jpg
836773757054132224,http://pbs.twimg.com/media/C5zRSnJU0AAlGvX.jpg,http://pbs.twimg.com/media/C5zRS7VU4AAiQSw.jpg
836796049054449665,https://video.twimg.com/tweet_video/Co330CoW8AA_c9s.mp4
836773839539486720,http://pbs.twimg.com/media/C5zRXkxWMAAHit_.jpg,http://pbs.twimg.com/media/C5zRXvmXMAEgi_J.jpg
836731268482072577,https://video.twimg.com/ext_tw_video/831896693318770688/pu/pl/9kocf4HNTJfVjCzh.mpd
836803443868254208,http://pbs.twimg.com/media/C5zsTAxWUAAzF0v.jpg
836798625443348482,http://pbs.twimg.com/media/C5zn6WOUoAAtCEI.jpg
836795635688853504,http://pbs.twimg.com/media/C5xrriLWMAM7l-7.jpg
836774919706812416,https://video.twimg.com/tweet_video/C5zSWVJUsAASxRf.mp4
836732815752441856,http://pbs.twimg.com/media/C5ysDuRWUAA5W2O.jpg
836774495922843649,https://video.twimg.com/ext_tw_video/836389410568450048/pu/vid/360x640/7LJVxkbLVdzkp_n1.mp4
836796540442271744,http://pbs.twimg.com/media/C5zmAo6XMAAG7vF.jpg
836801793040531461,https://video.twimg.com/tweet_video/ChiMC83UcAAva2i.mp4
836754188877107200,https://video.twimg.com/ext_tw_video/836753896458584068/pu/pl/3xF31BGA63plh-eO.m3u8
836797959840870400,https://video.twimg.com/tweet_video/C5znRyuWAAAQws7.mp4
836802849375911939,http://pbs.twimg.com/media/C5zrwO5XMAEuhNa.jpg
836795186848088065,https://video.twimg.com/tweet_video/C5zkvRRXEAA8qLH.mp4
836782310888464384,http://pbs.twimg.com/media/C5zZE3_WUAAqx0o.jpg
836803562978041857,http://pbs.twimg.com/media/C5zsZRhXQAEm5Uw.jpg,http://pbs.twimg.com/media/C5zsZRhWUAEHBUH.jpg
836795226983383040,https://video.twimg.com/ext_tw_video/832999675389153284/pu/pl/gwwSpTz1RFpndB5o.mpd
836774568677212160,http://pbs.twimg.com/media/C5zSBh9U0AEbw6V.jpg
836736070171541504,http://pbs.twimg.com/media/C5yvAcPUwAATw4U.jpg
836777299412463616,https://video.twimg.com/tweet_video/C5zUg5wWAAAA01F.mp4
836803456191062016,http://pbs.twimg.com/media/C5zsTtHWUAAzONM.jpg
836793175477923840,http://pbs.twimg.com/media/C5zi9EXVMAAvgVh.jpg
836777479092203521,http://pbs.twimg.com/media/C5zUrYTU8AIEIHW.jpg
836775535871057925,http://pbs.twimg.com/media/C5zSno1WMAIzZTu.jpg,http://pbs.twimg.com/media/C5zS6EhXMAA-giH.jpg
836753403833368576,https://video.twimg.com/ext_tw_video/836753004342620160/pu/pl/hZqs2MvE1ccUEyHn.mpd
836797467370848256,http://pbs.twimg.com/media/C5zlnN_WMAAyr2M.jpg
836762282415673344,http://pbs.twimg.com/media/C5zG1IBVUAAkL8x.jpg,http://pbs.twimg.com/media/C5zG1H5U4AAf9qj.jpg,http://pbs.twimg.com/media/C5zG1IHU4AAPX5Z.jpg,http://pbs.twimg.com/media/C5zG1H_UYAEvxkW.jpg
836781934076444672,http://pbs.twimg.com/media/C5zYr7EWUAECw13.jpg
836789857443807233,http://pbs.twimg.com/media/C5zf3DQXMAECXhG.jpg
836742462454411266,http://pbs.twimg.com/media/C5y0y3PU8AAIomp.jpg,http://pbs.twimg.com/media/C5y00gGU8AAf-wP.jpg,http://pbs.twimg.com/media/C5y00xVUoAA5Yqm.jpg,http://pbs.twimg.com/media/C5y009DUwAIYJ-q.jpg
836798436397760513,https://video.twimg.com/tweet_video/C5zntTtWUAEwKIa.mp4
836774597139771395,http://pbs.twimg.com/media/C5zSDoeWcAEg7aX.jpg
836741048965591042,http://pbs.twimg.com/media/C5yzRc7UsAAK4fy.jpg
836730933596192768,https://video.twimg.com/tweet_video/C5yqIULUYAAByNe.mp4
836747675190067200,https://video.twimg.com/ext_tw_video/836747529341521924/pu/pl/4qH8-gJnTFaihjlG.mpd
836765594645114880,https://video.twimg.com/ext_tw_video/836763529126432768/pu/pl/RDVLhif-cyjZ3-D9.mpd
836767195233419264,https://video.twimg.com/ext_tw_video/836754879641235456/pu/pl/n73vNWXDVUCNyh3e.mpd
836781029419585536,http://pbs.twimg.com/media/C5zX6GmXEAAMeBw.jpg
836761896862777344,http://pbs.twimg.com/media/C5zGgNxUYAAdAC_.jpg,http://pbs.twimg.com/media/C5zGgOcUYAAkEY3.jpg
836728452032036865,https://video.twimg.com/amplify_video/836606297474744321/vid/240x240/4p8ty-hhD-FKmIke.mp4
836739080524197890,http://pbs.twimg.com/media/C5yxvDFVMAAzzGs.jpg,http://pbs.twimg.com/media/C5yxvDEUwAAUZP2.jpg,http://pbs.twimg.com/media/C5yxvDJU0AAt4nx.jpg,http://pbs.twimg.com/media/C5yxvDAU8AEt-yh.jpg
836769220071411712,http://pbs.twimg.com/media/C5zNIFcU8AEnyz-.jpg
836795977013018626,http://pbs.twimg.com/media/C5zlgG6XMAE_7Oh.jpg
836781717469876224,http://pbs.twimg.com/media/C5zYiJgU8AE7TZH.jpg,http://pbs.twimg.com/media/C5zYiJhU8AAN4Y6.jpg
836772565301415937,http://pbs.twimg.com/media/CMBfJXRWwAEIirC.jpg
836799926248026112,http://pbs.twimg.com/media/C5zpGMvWUAAvMLL.jpg
836736139021205505,https://video.twimg.com/ext_tw_video/836736016379621377/pu/pl/z5G7vWW7k4N0tNLE.mpd
836783552993890304,https://video.twimg.com/amplify_video/836782296103587840/vid/640x360/Kk7nJUSKWqQgM3c3.mp4
836799411955060736,https://video.twimg.com/amplify_video/836799117103878144/vid/320x180/J4ZmJG-tJdJJEeMZ.mp4
836743954389295104,http://pbs.twimg.com/media/C5y2LKWVMAEZqz1.jpg,http://pbs.twimg.com/media/C5y2LKYUwAEfGv6.jpg,http://pbs.twimg.com/media/C5y2LJCU8AEc-nL.jpg,http://pbs.twimg.com/media/C5y2LJDUwAAQo4a.jpg
836769807076741120,https://video.twimg.com/amplify_video/836769076575793152/vid/1280x720/KHrkXD4xn0zianWP.mp4
836804147420807168,http://pbs.twimg.com/media/C5zs5M3XEAUMcTd.jpg,http://pbs.twimg.com/media/C5zs6F7XEAY5mHX.jpg,http://pbs.twimg.com/media/C5zs7JCWMAQZoY6.jpg
836782527515865088,http://pbs.twimg.com/media/C5zZRY8WgAEYx7T.jpg
836774885963796481,https://video.twimg.com/ext_tw_video/836774765876543488/pu/pl/oGb3JlAynQTqrrSI.mpd
836793127902007297,http://pbs.twimg.com/media/C5zi6dQWQAciqZ_.jpg,http://pbs.twimg.com/media/CvEaxKUUsAAzmps.jpg,http://pbs.twimg.com/media/CvEaxKXUIAEQE3v.jpg,http://pbs.twimg.com/media/CvEaxKcUkAAPuuq.jpg,http://pbs.twimg.com/media/CvEaxKeUkAA_nH-.jpg
836761047772065792,http://pbs.twimg.com/media/C5zFvN0WYAAWqTy.jpg
836803689381789701,http://pbs.twimg.com/media/C5zshRkWMAAaQos.jpg
836775336335589377,http://pbs.twimg.com/media/C5vqS8xU4AEdsZC.jpg,http://pbs.twimg.com/media/C5vqTA1VAAAStXJ.jpg,http://pbs.twimg.com/media/C5vqS9GVAAEHYRg.jpg,http://pbs.twimg.com/media/C5vqS_TU0AAO1J7.jpg
836801173533372417,http://pbs.twimg.com/media/C5zqO2UWgAEcNHQ.jpg
836786843777699840,http://pbs.twimg.com/media/C5zc08OWgAEkbez.jpg,http://pbs.twimg.com/media/C5zc08MXQAAHasK.jpg
836776115939192834,http://pbs.twimg.com/media/C5zTcFOWUAIvQov.jpg,http://pbs.twimg.com/media/C5zTcFPWAAAdhSn.jpg
836783565266423808,http://pbs.twimg.com/media/C5zaNWXUoAAhKRZ.jpg
836803847762886656,https://video.twimg.com/amplify_video/836802955131174913/vid/640x360/BUgBa6VbA1pzXlaZ.mp4
836803967266992128,http://pbs.twimg.com/media/C5zsw3kWgAAUs-u.jpg
836803740451680256,http://pbs.twimg.com/media/C5zsjdZWUAArSId.jpg
836801704423223296,http://pbs.twimg.com/media/C5zqrpCXQAQHUsi.jpg,http://pbs.twimg.com/media/C5zqrpDWAAANhAx.jpg,http://pbs.twimg.com/media/C5zqrpCWUAAiL6A.jpg,http://pbs.twimg.com/media/C5zqrpEWMAEGU6E.jpg
836765904209907714,http://pbs.twimg.com/media/C5zKJWHWAAE6PyQ.jpg,http://pbs.twimg.com/media/C5zKJWEWcAEStaC.jpg,http://pbs.twimg.com/media/C5zKJWHWQAAXAI4.jpg
836792401247227905,https://video.twimg.com/amplify_video/836792111920001024/vid/320x180/N4ke2XUVydzY8alj.mp4
836774254137995264,https://video.twimg.com/tweet_video/C5zRvshWUAEmEqb.mp4
836803225437241345,http://pbs.twimg.com/media/C5zsGSEXMAAuBXE.jpg
836788152895475718,http://pbs.twimg.com/media/C5yIGLdWAAAgymR.jpg,http://pbs.twimg.com/media/C5yIHzSWUAA0kCD.jpg,http://pbs.twimg.com/media/C5yIJPQXMAQ-E_I.jpg
836782684844089344,http://pbs.twimg.com/media/C5zZZ43UwAA--DO.jpg,http://pbs.twimg.com/media/C5zZZ4zUoAEEpjU.jpg
836784978755272704,https://video.twimg.com/ext_tw_video/836784845397188608/pu/vid/320x180/uYupSk9OG-yjG9nA.mp4
836769768904376320,http://pbs.twimg.com/media/C5zNpzFVMAEIcMD.jpg
836784066909335552,http://pbs.twimg.com/media/C5zarF6WcAAgmPf.jpg
836796790045278208,http://pbs.twimg.com/media/C5zmPWBWcAICEjh.jpg,http://pbs.twimg.com/media/C5zmPWEWAAAVF4b.jpg,http://pbs.twimg.com/media/C5zmPWDWYAAUVtn.jpg
836774373331607552,http://pbs.twimg.com/media/C5zR2pHUwAAF1oO.jpg
836793002332827648,http://pbs.twimg.com/media/C5zitL_VAAAQ720.jpg
836795278837559298,http://pbs.twimg.com/media/C5zk3KNWgAA61KM.jpg
836798511601631232,https://video.twimg.com/tweet_video/Cw48_0bXcAAKFnf.mp4
836803377262653441,http://pbs.twimg.com/media/C5zsO-TWQAEkQNx.jpg
836798767361888256,http://pbs.twimg.com/media/C5zoCvtWcAAsdlA.jpg
836748283791949824,http://pbs.twimg.com/media/C5y6ICbWQAARCpY.jpg,http://pbs.twimg.com/media/C5y6ICZWcAA2vdH.jpg
836745599693254657,http://pbs.twimg.com/media/C5y3oP9VUAAiT4H.jpg
836803776870764545,https://video.twimg.com/ext_tw_video/836802607473639424/pu/vid/480x480/RyVHb5_4SPTO-5nI.mp4
836775457605332992,http://pbs.twimg.com/media/C5zSuarUwAAA4b5.jpg,http://pbs.twimg.com/media/C5zSuayUsAA13KW.jpg,http://pbs.twimg.com/media/C5zSua6U4AEdeKA.jpg,http://pbs.twimg.com/media/C5zSua_VUAUyDxu.jpg
836786663443460100,https://video.twimg.com/tweet_video/C5zc_aFUwAQ60rd.mp4
836783870330679296,https://video.twimg.com/tweet_video/C5zabTKVMAEH_iN.mp4
836803462469910529,https://video.twimg.com/tweet_video/C5zsSmXWYAAbR8n.mp4
836742334205276161,https://video.twimg.com/ext_tw_video/798674784120930304/pu/vid/180x320/Dlk48NKTaFN4cwnM.mp4
836799872913313792,http://pbs.twimg.com/media/C5zpCSiXQAIp1GX.jpg
836736425680900096,http://pbs.twimg.com/media/C5yupsVVMAAaG4u.jpg
836750439076904961,http://pbs.twimg.com/media/C5y7SbHWAAAKo99.jpg
836779275508412416,http://pbs.twimg.com/media/C2yin6bXEAAMJsy.jpg
836732833217531905,http://pbs.twimg.com/media/C5ysExvXQAQWagW.jpg
836772989186240513,http://pbs.twimg.com/media/C5yV8LmWUAAeAe2.jpg
836739537707667457,http://pbs.twimg.com/media/C5yyKW-XMAALSWB.jpg
836793979358310405,http://pbs.twimg.com/media/C5zjr2fWQAAHCQA.jpg
836766315188727808,https://video.twimg.com/tweet_video/Cya3af3UoAAmzTn.mp4
836770594997878785,http://pbs.twimg.com/media/C5zOatOUsAAmTsZ.jpg
836802370642247681,https://video.twimg.com/tweet_video/C5zrPysWgAAY_Gp.mp4
836787578997190656,http://pbs.twimg.com/media/C5zd3L9VMAI-ZHH.jpg,http://pbs.twimg.com/media/C5zd3L2VAAAdP-_.jpg
836754422285807620,http://pbs.twimg.com/media/C5y_sm-UsAAv_Mb.jpg
836773150604013569,http://pbs.twimg.com/media/C5zQviDXEAEXQFM.jpg
836747767838031872,http://pbs.twimg.com/media/C5y5qDaWQAAE2n9.jpg
836749877753360384,http://pbs.twimg.com/media/C5y7k_XXMAI-k4Z.jpg
836802832644861952,https://video.twimg.com/tweet_video/C5zruUrWAAApFg7.mp4
836791578618277892,http://pbs.twimg.com/media/C5zheATU8AAA4-t.jpg
836800476683386880,http://pbs.twimg.com/media/C5zpmJCWgAE6ueH.jpg
836802193189666819,http://pbs.twimg.com/media/C5zrKMNXQAEfVMN.jpg
836789117019115523,http://pbs.twimg.com/media/C5zfQ-jWcAAM63E.jpg
836799236742205440,http://pbs.twimg.com/media/C5zodwNWUAAdoub.jpg
836797814260781057,http://pbs.twimg.com/media/C5znLGbXEAEKBEM.jpg
836751593085128704,http://pbs.twimg.com/media/C5yWNRTUoAAIArk.jpg
836798168721473536,http://pbs.twimg.com/media/C5znf0qWYAQHt_o.jpg
836804193730105345,http://pbs.twimg.com/media/C5zarfCVMAAAz7b.jpg
836781042685992960,http://pbs.twimg.com/media/C5zX65MU8AANDAm.jpg
836799586677243907,http://pbs.twimg.com/media/C5zoyMKWUAAjz5D.jpg,http://pbs.twimg.com/media/C5zoyMLWgAAQF5S.jpg,http://pbs.twimg.com/media/C5zoyMJXEAAdvWc.jpg,http://pbs.twimg.com/media/C5zoyMKWMAEaldT.jpg
836803386804695042,http://pbs.twimg.com/media/C5zsPMBWgAE4-LQ.jpg,http://pbs.twimg.com/media/C5zsPMBWMAQhgSE.jpg
836786041549807617,https://video.twimg.com/amplify_video/836783571679354882/pl/3VRgm9oa6jwSQ5YD.m3u8
836798519239458816,https://video.twimg.com/tweet_video/C5znzbUXEAYaM4N.mp4
836801695229292544,http://pbs.twimg.com/media/C5zqtCpWAAAPXFq.jpg
836796609002340352,http://pbs.twimg.com/media/C5zl-6GWAAEsKqv.jpg
836804424920092673,http://pbs.twimg.com/media/C5ztL7IWYAA6z1H.jpg,http://pbs.twimg.com/media/C5ztL7DXQAEn580.jpg
836797396633935873,http://pbs.twimg.com/media/C5zmy2vWQAE_FYu.jpg
836803333566377984,https://video.twimg.com/ext_tw_video/836797579199401987/pu/pl/PcjrXO-eVjzGAaud.mpd
836733094958804992,https://video.twimg.com/tweet_video/C5ysTB7U4AAYyio.mp4
836748849846743040,https://video.twimg.com/amplify_video/836602702838784000/vid/640x360/xT_BCq4z0-A8bRbP.mp4
836794316261576704,http://pbs.twimg.com/media/C5zj_T_XQAAVI-g.jpg,http://pbs.twimg.com/media/C5zj_T-XEAAOqm2.jpg,http://pbs.twimg.com/media/C5zj_UEXEAAUSQU.jpg
836741979102904320,https://video.twimg.com/ext_tw_video/836741916565913600/pu/vid/320x180/THcdQIQbd2iH9XYw.mp4
836738504071786497,http://pbs.twimg.com/media/C5yxOzzXEAE1pnN.jpg
836795661395898372,http://pbs.twimg.com/media/C5zlN7hWcAAcx2x.jpg,http://pbs.twimg.com/media/C5zlN61XMAY1YNj.jpg,http://pbs.twimg.com/media/C5zlN69WQAA9KJK.jpg,http://pbs.twimg.com/media/C5zlN6xWYAAt2YL.jpg
836794061675720713,http://pbs.twimg.com/media/C5zjw1XWQAACefH.jpg
836784318596927489,http://pbs.twimg.com/media/C5za5uTWYAA9CvU.jpg
836798034780516357,https://video.twimg.com/ext_tw_video/836797968426618884/pu/vid/638x360/4P-vSP3T0zsJ2T6x.mp4
836795082133147648,http://pbs.twimg.com/media/C5zkrX5UwAAhJqc.jpg
836798448091418624,http://pbs.twimg.com/media/C5WFDCGUkAAkfiP.jpg,http://pbs.twimg.com/media/C5WFHYfVMAEQLOo.jpg,http://pbs.twimg.com/media/C5WFNgpUYAEQFsw.jpg,http://pbs.twimg.com/media/C5WFdhdVMAE_QdW.jpg
836797824452931584,http://pbs.twimg.com/media/C5znLCDWYAA-jWn.jpg
836784348485599236,https://video.twimg.com/ext_tw_video/836783621256138752/pu/vid/480x480/MOLJ4Rz4guH3OvgS.mp4
836796167983857664,http://pbs.twimg.com/media/C5zlpa-VAAAz6v1.jpg
836785186926964737,http://pbs.twimg.com/media/CP0gpMfUwAAVdvX.jpg
836801104549662720,http://pbs.twimg.com/media/C5zqKaEWQAAn59X.jpg
836797486861856768,http://pbs.twimg.com/media/C5zm4OsWUAAm4nk.jpg
836744961601191936,http://pbs.twimg.com/media/C5y3G2_WUAEVUD4.jpg
836799538551742466,http://pbs.twimg.com/media/C5zoq-eWUAAaj2o.jpg
836765446766542848,https://video.twimg.com/ext_tw_video/814749539060027392/pu/pl/jSw3-4BoWbwHBedQ.m3u8
836778837023330305,http://pbs.twimg.com/media/C5zV6a_U0AAq4qY.jpg
836759358323077120,https://video.twimg.com/amplify_video/836745915176124416/vid/1280x720/hfE_2-FDo3G3fkYQ.mp4
836796285189488641,http://pbs.twimg.com/media/C5zlyPHXQAEtkTI.jpg
836795530701389824,http://pbs.twimg.com/media/C5zlE3IWMAQhu_L.jpg,http://pbs.twimg.com/media/C5zlE3NWUAA7H_b.jpg,http://pbs.twimg.com/media/C5zlE3TWUAIkiMk.jpg
836795885635928066,http://pbs.twimg.com/media/C5zlaAqXQAUP7Fd.jpg
836797612388933634,http://pbs.twimg.com/media/C5zm6jeUsAAq_9c.jpg,http://pbs.twimg.com/media/C5zm8BeVUAA05TH.jpg,http://pbs.twimg.com/media/C5zm9soVMAA2kws.jpg
836801385601642496,http://pbs.twimg.com/media/C5zqXrdWAAEv4Hv.jpg
836802431979831297,http://pbs.twimg.com/media/C5zrWWuWcAA66TW.jpg
836749079057158144,http://pbs.twimg.com/media/C5y62gRWYAQwHNQ.jpg,http://pbs.twimg.com/media/C5y62gQWQAAI37r.jpg,http://pbs.twimg.com/media/C5y62gZWAAAKq4q.jpg
836741038253486081,https://video.twimg.com/ext_tw_video/836181237224124416/pu/pl/RMPuLnn_PlDkhRSe.mpd
836764770078334976,https://video.twimg.com/tweet_video/C5zJGayU4AAsVGu.mp4
836794577524785152,https://video.twimg.com/ext_tw_video/836794470095962112/pu/vid/320x180/_CJUUSXUCpsluxYN.mp4
836800196126322696,https://video.twimg.com/ext_tw_video/836686129466335236/pu/vid/240x240/9htbl-aY9bEJSyPi.mp4
836802603614896129,https://video.twimg.com/amplify_video/836800669659037703/vid/640x360/QxBaw7F6YJCQv5gY.mp4
836780842915663872,http://pbs.twimg.com/media/C5zXMhVWcAMk3uK.jpg,http://pbs.twimg.com/media/C5zXq-6XMAAfUZV.jpg
836803743773569024,https://video.twimg.com/amplify_video/836801459660410881/pl/XZEdybLDYgr_ItM0.mpd
836803465284300801,http://pbs.twimg.com/media/C5zsSy0WUAUzoaN.jpg
836747072581828610,http://pbs.twimg.com/media/C1BrGa6XAAAsYVi.jpg,http://pbs.twimg.com/media/C1BrGbHXgAAb1N8.jpg,http://pbs.twimg.com/media/C1BrGcaXEAAaYAY.jpg,http://pbs.twimg.com/media/C1BrGa9WQAAA-p4.jpg
836776200848617472,http://pbs.twimg.com/media/C5zThCkUYAAx398.jpg,http://pbs.twimg.com/media/C5zThCnUsAAx2O1.jpg
836746241002201088,http://pbs.twimg.com/media/C5y4QfnU0AQwHuH.jpg,http://pbs.twimg.com/media/C5y4QwdVMAIFa-V.jpg,http://pbs.twimg.com/media/C5y4RBAU8AEKGwl.jpg,http://pbs.twimg.com/media/C5y4RPTUsAAMeOM.jpg
836798089600118790,http://pbs.twimg.com/media/C5znGz4WMAEj-Kr.jpg
836803686512877568,http://pbs.twimg.com/media/CCCPezXW8AUjJYo.jpg
836800266695401472,https://video.twimg.com/ext_tw_video/836798206264676352/pu/pl/h0FZ4g57ibqZu87i.m3u8
836800271636385794,http://pbs.twimg.com/media/C5zo0AgWgAEzAhq.jpg
836788383020089346,https://video.twimg.com/tweet_video/C5zemRoWUAAQG6B.mp4
836778786934775809,http://pbs.twimg.com/media/C5zV3KfVAAAi6Ae.jpg,http://pbs.twimg.com/media/C5zV3MbVMAA6GuN.jpg
836789969372880896,http://pbs.twimg.com/media/C5zfjecU0AE1GBC.jpg
836740687953481728,http://pbs.twimg.com/media/C5yzLI9VMAAtq78.jpg
836792002113073152,https://video.twimg.com/amplify_video/836680521228902400/vid/1280x720/GEcA3F9XZ7_ZhTKx.mp4
836804445975506944,http://pbs.twimg.com/media/C5xemIsUoAA1fXv.jpg
836794242752200704,https://video.twimg.com/ext_tw_video/836661456833773568/pu/pl/1hCR7RkxzkpCGY3Y.m3u8
836732052745646080,http://pbs.twimg.com/media/C5yrXLUU8AAO_-8.jpg
836803847125336064,http://pbs.twimg.com/media/C5zsqM2XMAYs5p9.jpg
836773450576384001,http://pbs.twimg.com/media/C5NNJAWWIAAAMXY.jpg
836775378609811456,http://pbs.twimg.com/media/C5zSaEAUoAA3fhP.jpg
836764589228449792,http://pbs.twimg.com/media/C5zI9BTU0AE1bZE.jpg,http://pbs.twimg.com/media/C5zI9BQUoAAF4g5.jpg,http://pbs.twimg.com/media/C5zI9BTUYAAOU3n.jpg,http://pbs.twimg.com/media/C5zI9BRUoAEuAr1.jpg
836804569095098369,http://pbs.twimg.com/media/C5ztUSEWAAE4g1l.jpg
836776086029668352,http://pbs.twimg.com/media/C5zTaYnU0AAlPed.jpg
836784816175661058,http://pbs.twimg.com/media/C5zbWRDUsAAEJeC.jpg
836766989142085633,https://video.twimg.com/ext_tw_video/836766802159927296/pu/pl/vR0T69NopKckTx6d.mpd
836776495079006209,https://video.twimg.com/ext_tw_video/836776226006016001/pu/vid/720x720/N7Y5FdNxo6sboXu8.mp4
836804415331975172,http://pbs.twimg.com/media/C5zq54sXQAExMHm.jpg
836773453172613120,http://pbs.twimg.com/media/C5zRA6_VMAAW91-.jpg
836782350717550593,https://video.twimg.com/ext_tw_video/807269783930421248/pu/pl/m9fBJQAgvt3WdGLr.m3u8
836729592274509824,https://video.twimg.com/tweet_video/C5ypGJyU8AEQon_.mp4
836736146839339009,http://pbs.twimg.com/media/C5yvFWwVAAEfqIr.jpg
836732662106714113,http://pbs.twimg.com/media/C5yr5L2WcAASeMR.jpg
836802317341110272,http://pbs.twimg.com/media/C5zrRDpWUAEgbj3.jpg
836731967865487361,https://video.twimg.com/ext_tw_video/836699204986658816/pu/pl/knVKqbgx4WG1Hncc.m3u8
836804315989872641,http://pbs.twimg.com/media/C5ztFBHXEAAwuic.jpg
836803533546663943,http://pbs.twimg.com/media/C5YcEYLXMAAipHw.jpg,http://pbs.twimg.com/media/C5YcERRWgAA8GfF.jpg
836779106607988737,https://video.twimg.com/ext_tw_video/836778940920434689/pu/vid/1280x720/9AtjlUpNaRynjTg7.mp4
836787213623050240,http://pbs.twimg.com/media/C5zdhlgU0AAMtRN.jpg
836804408591663106,https://video.twimg.com/tweet_video/C5ztK2iWYAIRJSO.mp4
836793274010599426,https://video.twimg.com/ext_tw_video/836791204536709120/pu/pl/3E6wQ2zXshy7c_G0.mpd
836777220626489344,http://pbs.twimg.com/media/C5zUbozUYAAg6ul.jpg
836799805317869568,http://pbs.twimg.com/media/C5zo_EaWgAINDgn.jpg
836795632551624705,http://pbs.twimg.com/media/CyZhAcaVQAEOzSe.jpg,http://pbs.twimg.com/media/CyZhAcaVEAA30jN.jpg,http://pbs.twimg.com/media/CyZhAcaUsAAZzzH.jpg,http://pbs.twimg.com/media/CyZhAcaUAAA_ETK.jpg
836771013744545793,https://video.twimg.com/ext_tw_video/836769181517283328/pu/vid/640x360/DIOoz574GtjDSt5O.mp4
836803203232595973,http://pbs.twimg.com/media/C5zsE6_WAAQsWd3.jpg
836804702494932993,http://pbs.twimg.com/media/C5ztITdWUAIzZSw.jpg,http://pbs.twimg.com/media/C5ztJJGWMAA3f9S.jpg
836803628421767168,http://pbs.twimg.com/media/C5zsdknWAAE-M6L.jpg
836800447323205632,http://pbs.twimg.com/media/C5zpkk4XEAAggMf.jpg
836804325447987204,http://pbs.twimg.com/media/C5ztFpjWUAETJx3.jpg
836803238443769857,http://pbs.twimg.com/media/C5zsG42WYAI_tVZ.jpg
836801983730302976,http://pbs.twimg.com/media/C5zq9swWgAAy5Ex.jpg
836794745343066120,http://pbs.twimg.com/media/C5zkXMJWAAA9luP.jpg,http://pbs.twimg.com/media/C5zkXMNXMAEZAaN.jpg
836779271532253184,http://pbs.twimg.com/media/C5zWSWfWUAAzQp_.jpg
836779149087760384,https://video.twimg.com/tweet_video/C5zWCbRUsAAhsc7.mp4
836756678179602433,http://pbs.twimg.com/media/C5zBwsDU4AAW5GL.jpg
836759682656186369,https://video.twimg.com/tweet_video/C5zEfdJXEAA5ikd.mp4
836804504859336705,http://pbs.twimg.com/media/C5ztOOvWcAAgfID.jpg
836804380359786497,http://pbs.twimg.com/media/C5ztH4nXQAE2b9i.jpg
836785226609225728,http://pbs.twimg.com/media/C5zbt0LWgAIHlpq.jpg
836769466063196163,http://pbs.twimg.com/media/C5zNZOPXQAA0hNl.jpg
836769592127053824,https://video.twimg.com/amplify_video/836769429367070721/vid/1280x720/A0wDydmY3GQL3hUr.mp4
836804269441445890,http://pbs.twimg.com/media/C5ztC9CWAAAfTZW.jpg
836802361972645888,http://pbs.twimg.com/media/C5zrS4tXQAABoCr.jpg,http://pbs.twimg.com/media/C5zrS4IWAAAiXUI.jpg
836782870479978496,http://pbs.twimg.com/media/C5zZkY2XEAAzwVw.jpg
836797613072658433,http://pbs.twimg.com/media/C5zm_XxWMAApviU.jpg,http://pbs.twimg.com/media/C5zm_k0WgAE3jSE.jpg
836803875466268673,http://pbs.twimg.com/media/C5zssDPWcAEGYZv.jpg
836804460240388096,http://pbs.twimg.com/media/C5ztOJzWAAA9X6g.jpg
836802873472258049,https://video.twimg.com/tweet_video/C5zrwzeWcAAuTry.mp4
836794612144615430,http://pbs.twimg.com/media/C5zkHYXXQAEPBca.jpg
836804502145667072,http://pbs.twimg.com/media/C5ztQTjXEAcOH50.jpg
836761218262118400,http://pbs.twimg.com/media/C5zF3nwVMAIWyN3.jpg
836787566904926208,http://pbs.twimg.com/media/C5zd2YpU8AAFJMU.jpg
836804445371568133,https://video.twimg.com/amplify_video/836804251703787521/vid/1280x720/e9ItnQwqqi6gAEbA.mp4
836800114681331714,http://pbs.twimg.com/media/C5zpREBWAAAvePA.jpg
836796210958716931,https://video.twimg.com/ext_tw_video/836795128438276098/pu/pl/EDzOwXxHDpGXt85X.m3u8
836783334898327552,https://video.twimg.com/ext_tw_video/836782918055833601/pu/vid/640x360/IuGo9493uJeTn1OH.mp4
836804269135233024,https://video.twimg.com/tweet_video/C5ztCrRXQAIcw96.mp4
836789577255948288,http://pbs.twimg.com/media/C5zfr2zWUAIeXI9.jpg
836789963190566916,https://video.twimg.com/ext_tw_video/836789925626462208/pu/vid/240x180/1EyTLSbtdQ5W78Wr.mp4
836791955325603840,http://pbs.twimg.com/media/C5zh11DXEAEiAgX.jpg,http://pbs.twimg.com/media/C5zh11DWgAA-boo.jpg,http://pbs.twimg.com/media/C5zh11CWUAE_6-X.jpg,http://pbs.twimg.com/media/C5zh11FWAAEyO0x.jpg
836798519952490498,http://pbs.twimg.com/media/C5zn0AHWUAApiaA.jpg
836788060058693632,http://pbs.twimg.com/media/C5zeSOJVUAE2dYy.jpg
836794384817467392,http://pbs.twimg.com/media/C5zjkgZWgAAWDWN.jpg
836771733281599491,http://pbs.twimg.com/media/C5zN7x1WQAE-4ai.jpg,http://pbs.twimg.com/media/C5zN9bnWAAIh_fa.jpg,http://pbs.twimg.com/media/C5zN-IiWMAA5Dx2.jpg
836768142797856768,http://pbs.twimg.com/media/C5zMGSkUsAEyKFv.jpg
836784566119632901,http://pbs.twimg.com/media/C5zbGLfWgAATzi8.jpg
836791731752402944,https://video.twimg.com/tweet_video/C5zhnK0WcAEnp5A.mp4
836804487545237505,http://pbs.twimg.com/media/C5ztPmDXEAA76EU.jpg,http://pbs.twimg.com/media/C5ztPmBWQAI4yZA.jpg,http://pbs.twimg.com/media/C5ztPmEWUAEx3RP.jpg,http://pbs.twimg.com/media/C5ztPmCXEAAYhCh.jpg
836780502296186880,http://pbs.twimg.com/media/C5zXbihU4AA5CW7.jpg
836779372505890817,http://pbs.twimg.com/media/C5zWZYsWAAE1yID.jpg,http://pbs.twimg.com/media/C5zWZYsXMAA1DjH.jpg,http://pbs.twimg.com/media/C5zWZYuXMAECAU3.jpg
836755720196370433,http://pbs.twimg.com/media/C5zA4SrVMAAuHsW.jpg,http://pbs.twimg.com/media/C5zA437UsAAdD4V.jpg
836774655440601088,http://pbs.twimg.com/media/C5zSHOpXEAAnqJ9.jpg
836791669886349312,https://video.twimg.com/ext_tw_video/836791556912795648/pu/pl/anlLQcwe-IWGosPx.mpd
836803055211458561,http://pbs.twimg.com/media/C5zr7E4WMAUG2AA.jpg,http://pbs.twimg.com/media/C5zr7GHXMAQwUje.jpg,http://pbs.twimg.com/media/C5zr7SXWUAA1m9-.jpg
836802810335412225,http://pbs.twimg.com/media/C5zruIHWQAA3LkZ.jpg
836781579414421504,http://pbs.twimg.com/media/C5zYaKyUwAEIbqi.jpg
836804329969446913,http://pbs.twimg.com/media/C5ztGMwWcAIki4R.jpg
836803107891855361,http://pbs.twimg.com/media/C5zr_JvWQAEQZb_.jpg
836801317209243648,http://pbs.twimg.com/media/C5zqXNUXQAECwxY.jpg
836786567142236160,http://pbs.twimg.com/media/C5zc8iAUYAAFSk2.jpg
836782258824564736,http://pbs.twimg.com/media/C5zY2caWAAAxTpW.jpg
836784046826934273,http://pbs.twimg.com/media/C5zanvUU4AAJaBw.jpg
836804137115348992,http://pbs.twimg.com/media/C5zsutaWUAAJcuW.jpg,http://pbs.twimg.com/media/C5zsv2VXQAEOg8S.jpg
836785029959278592,http://pbs.twimg.com/media/C5zbaRtVAAIBjuo.jpg
836772991463743488,http://pbs.twimg.com/media/C5zQmboVUAA7cL4.jpg
836804530117410816,https://video.twimg.com/tweet_video/C5ztQ68WMAAUu4V.mp4
836773647301779456,http://pbs.twimg.com/media/C5zRMPYVMAMsW6a.jpg
836778446298624002,https://video.twimg.com/amplify_video/836769351168512000/vid/240x240/AEHG0B1jvhnP79HK.mp4
836758713612525569,http://pbs.twimg.com/media/C5zDnW3XEAAiPW_.jpg,http://pbs.twimg.com/media/C5zDnXFWMAEdMud.jpg
836735880123531264,http://pbs.twimg.com/media/C5yu2QLXQAEEWsh.jpg
836750441195180032,https://video.twimg.com/ext_tw_video/836750300996214784/pu/vid/480x480/XS_f2HQcuvr7jnzZ.mp4
836737248053899264,http://pbs.twimg.com/media/C5ywFwhWMAEfRR0.jpg
836775636303687681,http://pbs.twimg.com/media/C5zSjM1UwAA31r9.jpg
836802140203012103,http://pbs.twimg.com/media/C5zrDUrWYAAqgo5.jpg
836783068325285888,http://pbs.twimg.com/media/C5zZw7YXEAATLdW.jpg
836776553526804480,https://video.twimg.com/ext_tw_video/836776374140481538/pu/pl/ujn4im-ldrzfQMvi.m3u8
836794972644966401,https://video.twimg.com/ext_tw_video/836794614938025984/pu/pl/ethb_m6yM9YFkQGV.m3u8
836797602435842048,http://pbs.twimg.com/media/C5zm-tHWMAQD8b5.jpg
836730212708659200,http://pbs.twimg.com/media/C5yprFRUYAAqVhj.jpg,http://pbs.twimg.com/media/C5yprFRUsAA72kN.jpg,http://pbs.twimg.com/media/C5yprFQUoAAM4qL.jpg
836786362015633408,https://video.twimg.com/ext_tw_video/836785935677177856/pu/vid/640x360/oxLLmiQDMw6Xs16D.mp4
836799184502149120,https://video.twimg.com/ext_tw_video/836791405234151424/pu/vid/640x360/T-Fp235A1Zcd3sqS.mp4
836795648133464064,http://pbs.twimg.com/media/C5zlMsbVMAA912R.jpg
836790053670105088,http://pbs.twimg.com/media/C5zgHYIWgAAc7c8.jpg,http://pbs.twimg.com/media/C5zgHYLWAAApFLZ.jpg,http://pbs.twimg.com/media/C5zgHYIWMAA1CVM.jpg
836761089756913665,http://pbs.twimg.com/media/C5zFry1UYAAMy7O.jpg,http://pbs.twimg.com/media/C5zFsKGVMAAXjQh.jpg,http://pbs.twimg.com/media/C5zFt3_VMAAizyZ.jpg,http://pbs.twimg.com/media/C5zFu2YUoAAUnWJ.jpg
836783820250603522,https://video.twimg.com/amplify_video/836772251156549633/vid/640x360/EYhXsPv7mZ4rFTZm.mp4
836791125717372929,http://pbs.twimg.com/media/C5zhEwWVAAIeFog.jpg
836772734998876162,http://pbs.twimg.com/media/C5zQXXUWgAECb2d.jpg
836797686737174528,http://pbs.twimg.com/media/C5znDrmWUAAC0zR.jpg
836783488401473536,http://pbs.twimg.com/media/C5zaJT-WAAUjy6J.jpg
836801121431748608,http://pbs.twimg.com/media/C5zqLqfXQAIMNsh.jpg,http://pbs.twimg.com/media/C5zqLqhWgAAKF6y.jpg
836801321680388096,http://pbs.twimg.com/media/C5zqE-JWQAEN8O4.jpg,http://pbs.twimg.com/media/C5zqGYCWAAEzSKl.jpg,http://pbs.twimg.com/media/C5zqHdYXMAEm-El.jpg
836755106062184448,http://pbs.twimg.com/media/C5zAP5fVMAE1Pxt.jpg
836762520778059777,https://video.twimg.com/ext_tw_video/836762454365384706/pu/pl/EcmsSIZhRd7ts4HT.mpd
836731834637627393,http://pbs.twimg.com/media/C5yrKTdWQAAZ9_E.jpg
836783560472158208,http://pbs.twimg.com/media/C5zaMQ3UwAAeGXM.jpg
836804556017262597,https://video.twimg.com/amplify_video/836798350221529089/vid/432x180/BtUqcrgUaBWvvm0V.mp4
836802428431396864,http://pbs.twimg.com/media/C2jF3O5XAAA1hkN.jpg
836755595843760128,http://pbs.twimg.com/media/C5zAxrHWYAAhJSd.jpg,http://pbs.twimg.com/media/C5zAxrIWMAEPbpm.jpg
836739674559418369,http://pbs.twimg.com/media/C5yyTFSWcAA8isZ.jpg
836804655090921475,http://pbs.twimg.com/media/C5ztZU5WgAAcqTM.jpg
836803189445910528,http://pbs.twimg.com/media/C5zsEIuWAAAlKmH.jpg
836793409000046596,http://pbs.twimg.com/media/C5zjKsiWYAAEKyf.jpg
836772217673428994,http://pbs.twimg.com/media/C5zP3q6WUAAzMUh.png
836775023931162627,http://pbs.twimg.com/media/C5zSal7WYAER9Xm.jpg
836801030398611456,http://pbs.twimg.com/media/C5zqDc8WcAADpTO.jpg
836781613027573760,http://pbs.twimg.com/media/C5zYNuKWcAApCAq.jpg
836798406832050176,http://pbs.twimg.com/media/C5zntyTWYAABFER.jpg
836740257672482817,https://video.twimg.com/ext_tw_video/836739548189196288/pu/pl/Tqun7CHh3Eob7iLW.m3u8
836780897714200576,http://pbs.twimg.com/media/C5zXUQ_WMAAkxac.jpg
836802418537082882,https://video.twimg.com/tweet_video/C5zrWyAXMAIx9TG.mp4
836798151054938112,http://pbs.twimg.com/media/C5zA4SrVMAAuHsW.jpg,http://pbs.twimg.com/media/C5zA437UsAAdD4V.jpg
836762075665858560,http://pbs.twimg.com/media/C5zGqxbU8AAhSL5.jpg,http://pbs.twimg.com/media/C5zGqxaUwAAOXs-.jpg,http://pbs.twimg.com/media/C5zGqxcUYAEvfj9.jpg
836801941233631236,https://video.twimg.com/tweet_video/C5x1-bJWcAE8W70.mp4
836801176859467776,https://video.twimg.com/ext_tw_video/836800778094379010/pu/vid/432x180/_JN1DOG5J70v-5ls.mp4
836746500327768064,https://video.twimg.com/ext_tw_video/836746227781890049/pu/pl/fVZXULZtPjISRCVj.mpd
836790530554081280,https://video.twimg.com/ext_tw_video/775276205901832192/pu/vid/720x720/xKHeO2npCsB1ZJxT.mp4
836765296623038465,http://pbs.twimg.com/media/C5zJmUcWYAMhusF.jpg,http://pbs.twimg.com/media/C5zJmUhWcAAeQ86.jpg
836778130933166080,https://video.twimg.com/tweet_video/C5zVK_UUwAAL78g.mp4
836795327197896705,http://pbs.twimg.com/media/C5zk6EnWMAA-f7R.jpg
836804294825345024,https://video.twimg.com/ext_tw_video/836803045539385346/pu/vid/640x360/ka1QkdV8NV5ae5CB.mp4
836730843259355137,https://video.twimg.com/ext_tw_video/836730792747229184/pu/vid/360x640/oR7arohXqZyfgPuL.mp4
836796900582035457,http://pbs.twimg.com/media/C5zmV6bWAAEveyX.jpg,http://pbs.twimg.com/media/C5zmWIvWAAEfs_4.jpg,http://pbs.twimg.com/media/C5zmV6ZXEAEuNzj.jpg
836801793019490306,http://pbs.twimg.com/media/C5zqy25WcAI9Lie.jpg,http://pbs.twimg.com/media/C5zqyyaWAAIpUCI.jpg,http://pbs.twimg.com/media/C5zqyy-WMAI2FwF.jpg,http://pbs.twimg.com/media/C5zqyybXEAIpXR4.jpg
836743088307503104,https://video.twimg.com/ext_tw_video/836686129466335236/pu/vid/240x240/9htbl-aY9bEJSyPi.mp4
836804457962868737,http://pbs.twimg.com/media/COeD2IAWcAAzJMC.jpg,http://pbs.twimg.com/media/COeD2GGW8AEOdLC.jpg,http://pbs.twimg.com/media/COeD2JAWEAAahwO.jpg,http://pbs.twimg.com/media/COeD2JIWIAAYMjR.jpg
836746466894958592,http://pbs.twimg.com/media/C5y4crfWAAInlkv.jpg,http://pbs.twimg.com/media/C5y4dzzWAAAw0FI.jpg
836785552179417088,http://pbs.twimg.com/media/C5zb4GbU4AAqB0Q.jpg
836799922745790466,http://pbs.twimg.com/media/C5zo84WXEAIq7iy.jpg
836784531730542594,https://video.twimg.com/ext_tw_video/836784354412003328/pu/vid/320x180/vhX-6-Pam8mQ0hVm.mp4
836773942798884864,http://pbs.twimg.com/media/C5zRde-U0AEBqMg.jpg
836728228471525376,http://pbs.twimg.com/media/C5yn42yXEAADaI8.jpg
836737992404262912,http://pbs.twimg.com/media/C5ywxI8UYAAdo5l.jpg
836804240064536576,http://pbs.twimg.com/media/C5ztBFeWYAASZN6.jpg
836744907712827392,http://pbs.twimg.com/media/C5y3DxHWUAEK49n.jpg
836792797604761601,http://pbs.twimg.com/media/C5zhlEAWQAAngxg.jpg
836743591074615297,https://video.twimg.com/ext_tw_video/836743170364932096/pu/vid/640x360/EWOUHp1IvfW-bL0Q.mp4
836791255300358144,http://pbs.twimg.com/media/C5zhNSIWAAAIl-0.jpg
836758780381650945,http://pbs.twimg.com/media/C5zDrLqWYAAMb6D.jpg
836733062784286720,http://pbs.twimg.com/media/C5yrxzOVMAEjH1b.jpg
836783271270756352,http://pbs.twimg.com/media/C5zZ8o5VAAE9O74.jpg
836731713166454784,http://pbs.twimg.com/media/C5yeFMRWYAE7PbI.jpg
836775719069970432,http://pbs.twimg.com/media/C5zTEJUVUAEfUc3.jpg
836735985249619969,http://pbs.twimg.com/media/C5yuzsRWgAARGBR.jpg
836801541713629184,https://video.twimg.com/tweet_video/C5zqgt-XQAIgV0O.mp4
836782383391256576,http://pbs.twimg.com/media/C5zZIlPVUAExE2i.jpg
836789820315828225,http://pbs.twimg.com/media/C5zfv_eXQAA9QDw.jpg
836727797250994177,https://video.twimg.com/ext_tw_video/836726905734742017/pu/vid/640x360/g5xk2iYwMD_Rw9DL.mp4
836800676206362628,http://pbs.twimg.com/media/C3xBGFeWAAANJTv.jpg
836753931019546626,http://pbs.twimg.com/media/C5y_Qj6UYAABJ-S.jpg
836803187092905987,http://pbs.twimg.com/media/C5xogUMXEAAORSR.jpg
836794590619279360,https://video.twimg.com/tweet_video/C5zkPNBWQAEJNQt.mp4
836804892580802561,http://pbs.twimg.com/media/C5ztnD_WAAQqsCZ.jpg
836783142170148865,http://pbs.twimg.com/media/C5zZwZcUoAAHpx-.jpg,http://pbs.twimg.com/media/C5zZxrpUoAAnuX7.jpg,http://pbs.twimg.com/media/C5zZywPUYAIazw0.jpg,http://pbs.twimg.com/media/C5zZ0JVUYAAKg_7.jpg
836804661906665473,http://pbs.twimg.com/media/C5ztZpvWAAEACUv.jpg
836802950446137344,http://pbs.twimg.com/media/C5zr2QPWQAASOG1.jpg
836773539046838281,http://pbs.twimg.com/media/C5zRF_pUoAAmo_u.jpg,http://pbs.twimg.com/media/C5zRF_tU0AAOgZ7.jpg
836803600974233602,http://pbs.twimg.com/media/C5zscIkXEAAZ4sv.jpg
836803130209751040,http://pbs.twimg.com/media/C5zsARCXQAEm6Fz.jpg
836740030387339264,http://pbs.twimg.com/media/C5yymDmWUAAyAF2.jpg
836770817564372995,https://video.twimg.com/ext_tw_video/836715688538468352/pu/pl/p7GmBUj3aA7yPx7V.m3u8
836802699349872640,https://video.twimg.com/ext_tw_video/774934349955424256/pu/pl/shaHH3X6UJlVwbuk.mpd
836803391254835200,https://video.twimg.com/tweet_video/C5zsP5aWMAA_w1i.mp4
836762943828152322,http://pbs.twimg.com/media/C5zHaQYVAAAuUah.jpg,http://pbs.twimg.com/media/C5zHaQZUsAAKak1.jpg,http://pbs.twimg.com/media/C5zHaQcUYAA6gT8.jpg,http://pbs.twimg.com/media/C5zHaQbU0AEHuHV.jpg
836777714015068160,http://pbs.twimg.com/media/C5zUPvfUsAA0xNp.jpg
836729534783361024,https://video.twimg.com/ext_tw_video/836122229767188480/pu/pl/9MFeqHLhbwP-JH3j.mpd
836802054404386820,http://pbs.twimg.com/media/C5zq8dEWQAUueMq.jpg,http://pbs.twimg.com/media/C5zq9IRWgAAZ26T.jpg
836756586450190337,http://pbs.twimg.com/media/C5zBrKfUsAA-wYa.jpg
836797528809013253,https://video.twimg.com/ext_tw_video/836797470298472448/pu/pl/WdwYPP7IxoBCFBhO.m3u8
836754407916244992,http://pbs.twimg.com/media/C5y_rkjWYAEqOx8.jpg
836750950513664001,https://video.twimg.com/ext_tw_video/836749852876881920/pu/vid/640x360/NQBA0KqdHCgLCFlk.mp4
836804601319936001,http://pbs.twimg.com/media/C5ztV0sWUAQv42o.jpg,http://pbs.twimg.com/media/C5ztV0sWAAQW5EK.jpg,http://pbs.twimg.com/media/C5ztV5EWAAAkDTj.jpg
836798328708947969,http://pbs.twimg.com/media/C5znnRpWAAAphcb.jpg,http://pbs.twimg.com/media/C5znoR_XQAERNjd.jpg
836764819994849281,https://video.twimg.com/ext_tw_video/836764508458725376/pu/pl/3t8H9uqSvSscevuY.mpd
836789105224605696,http://pbs.twimg.com/media/C5zfPtsXEAApqlP.jpg
836800137104076800,http://pbs.twimg.com/media/C5zpRJOWcAAOKWp.jpg,http://pbs.twimg.com/media/C5zpR-DWUAAzyiq.jpg
836804460370354176,http://pbs.twimg.com/media/C5ztOHIWAAAeann.jpg
836805030552432640,http://pbs.twimg.com/media/C5ztqUAWMAEGtM3.jpg
836793574565933056,https://video.twimg.com/ext_tw_video/836686129466335236/pu/vid/240x240/9htbl-aY9bEJSyPi.mp4
836792532122099713,http://pbs.twimg.com/media/C5ziXhSXMAE_j2Q.jpg
836787501285134337,http://pbs.twimg.com/media/C5zdyxSUwAAUBvB.jpg
836743463030800385,http://pbs.twimg.com/media/C5y1vmJUoAAwgmy.jpg
836770721216909313,https://video.twimg.com/tweet_video/C5zOhgTVMAAo4W5.mp4
836804242115538944,https://video.twimg.com/tweet_video/C5ztAv-WQAE5ll4.mp4
836795139406319616,http://pbs.twimg.com/media/C5zkvcdXMAAJDMy.jpg
836804503563296769,http://pbs.twimg.com/media/C5ztQUHXMAEXgHr.jpg
836804576015708160,http://pbs.twimg.com/media/C5ztUODXQCc-rig.jpg
836803955673923584,http://pbs.twimg.com/media/C5zswc1WQAAj6-c.jpg
836795927851646977,http://pbs.twimg.com/media/C5zldQwWgAAMptJ.jpg
836796786438189056,http://pbs.twimg.com/media/C5zmPSeXEAEroTH.jpg
836787583011049472,http://pbs.twimg.com/media/C5zdyLUVUAArn7V.png
836803853739769856,http://pbs.twimg.com/media/ClhoxtiVEAAfDBm.jpg
836799660505194496,http://pbs.twimg.com/media/C5yg6HWWAAgci5J.jpg
836800669378039808,https://video.twimg.com/ext_tw_video/829834503975612416/pu/pl/lxFSMOz8SKxxw-q0.m3u8
836740042173317120,http://pbs.twimg.com/media/C5yynJVWUAESezY.jpg
836744243276353536,https://video.twimg.com/ext_tw_video/655360620020256769/pu/pl/cRQCpU8G6234yAtp.m3u8
836746342479368195,https://video.twimg.com/ext_tw_video/834680441584050176/pu/pl/rym4lWyPDdu7u74_.m3u8
836799397295968257,http://pbs.twimg.com/media/C5zok6CWUAAvtWs.jpg
836773728189046786,http://pbs.twimg.com/media/C5zRPLrVAAAA7ZJ.jpg
836746825780584448,http://pbs.twimg.com/media/C5y4zPXWcAI1Jxv.jpg
836744141627355136,http://pbs.twimg.com/media/C5y2WvwUwAAEjSP.jpg,http://pbs.twimg.com/media/C5y2WvtUoAEHgpf.jpg,http://pbs.twimg.com/media/C5y2WvuU8AATz0-.jpg,http://pbs.twimg.com/media/C5y2WvvVAAAqlzk.jpg
836791054078652416,http://pbs.twimg.com/media/C5zhBsaVUAAsyUd.jpg
836772175101235201,https://video.twimg.com/ext_tw_video/836772133606830080/pu/pl/h_F3d_bR0HIOzebl.m3u8
836799570264883201,http://pbs.twimg.com/media/C5zow6-UYAAw2p1.jpg
836803746101407750,http://pbs.twimg.com/media/C5zskisXEAATH5R.jpg
836803197218009089,http://pbs.twimg.com/media/C5zsEiqXQAUSEl5.jpg
836777818239426561,http://pbs.twimg.com/media/C5zU_FcU4AAJEtK.jpg
836771386827882496,http://pbs.twimg.com/media/C5zPIkzXEAEdqG0.jpg,http://pbs.twimg.com/media/C5zPIk1WMAAzQMK.jpg,http://pbs.twimg.com/media/C5zPIk6WQAAeybm.jpg,http://pbs.twimg.com/media/C5zPIk0WgAICIks.jpg
836805198488166400,http://pbs.twimg.com/media/C5zt5JpXEAEslTq.jpg
836800861691052032,http://pbs.twimg.com/media/C5zp8LyWgAA8JKx.jpg
836786659932827648,https://video.twimg.com/ext_tw_video/833799256486014976/pu/vid/180x320/q73V5nUnU0gTX_CK.mp4
836792489000361984,http://pbs.twimg.com/media/C5ziE_WUsAA1WiB.jpg
836804130958082048,http://pbs.twimg.com/media/C5zs6FXXQAI_c0G.jpg
836793568433942528,https://video.twimg.com/ext_tw_video/836389410568450048/pu/vid/360x640/7LJVxkbLVdzkp_n1.mp4
836795666911342594,http://pbs.twimg.com/media/C5zlOSCWcAA-T4L.jpg
836794377116729344,http://pbs.twimg.com/media/Cm3oEs3UkAAjZPk.jpg,http://pbs.twimg.com/media/Cm3oFmEUsAAssD1.jpg
836768991452540932,http://pbs.twimg.com/media/C5zM76rU4AABHL5.jpg
836804647230767104,http://pbs.twimg.com/media/C5ztY4uWMAAVg88.jpg
836797956359610368,http://pbs.twimg.com/media/C5znFSHXMAUQJzf.jpg
836800771211554816,http://pbs.twimg.com/media/C5zp2j7WYAE1Snj.jpg,http://pbs.twimg.com/media/C5zp3EGWYAAfjKv.jpg
836804875434491908,http://pbs.twimg.com/media/C5ztjlaWUAAwjgQ.jpg,http://pbs.twimg.com/media/C5ztkjdXEAYm9hS.jpg,http://pbs.twimg.com/media/C5ztlcRXMAMsJzP.jpg
836786463987630080,http://pbs.twimg.com/media/C5zc1VFWQAAaMC7.jpg,http://pbs.twimg.com/media/C5zc1U-WQAQzqUJ.jpg,http://pbs.twimg.com/media/C5zc1VHWQAA6LMz.jpg,http://pbs.twimg.com/media/C5zc1VJWcAAvMBP.jpg
836759144120074240,https://video.twimg.com/ext_tw_video/831896693318770688/pu/pl/9kocf4HNTJfVjCzh.mpd
836742813626748928,http://pbs.twimg.com/media/C5x9RvGUwAA4Ynf.jpg
836748836240506881,http://pbs.twimg.com/media/C5y6oYvWAAA6VU_.jpg,http://pbs.twimg.com/media/C5y6oZhXEAAwgsG.jpg,http://pbs.twimg.com/media/C5y6oY_WcAEDYTC.jpg,http://pbs.twimg.com/media/C5y6oZ3XQAANNQY.jpg
836777919259291649,https://video.twimg.com/tweet_video/C5zUc-FWQAA7FKy.mp4
836805018359562244,https://video.twimg.com/ext_tw_video/836803064682201088/pu/vid/1280x720/bNqMrWDhGYAkOHa6.mp4
836754680134963200,https://video.twimg.com/ext_tw_video/793216327464869888/pu/vid/180x320/ek2py1TeJADkgbg7.mp4
836803184676892672,http://pbs.twimg.com/media/C5zmtjmWAAImSIR.jpg
836786072482893824,http://pbs.twimg.com/media/C5zcf3PWUAAM4Z2.jpg
836795773895524353,http://pbs.twimg.com/media/C5zk4VnWYAAUQ7f.jpg
836795127737761792,http://pbs.twimg.com/media/C5zkuY1WAAMLQl7.jpg
836805093118918656,http://pbs.twimg.com/media/C5ztknrWMAAzVt6.jpg
836795418428194816,http://pbs.twimg.com/media/C5zk8upXQAUinSs.jpg
836803674819162112,http://pbs.twimg.com/media/C5zsbtYXMAATvqP.jpg,http://pbs.twimg.com/media/C5zsbtXWUAMCMFN.jpg,http://pbs.twimg.com/media/C5zsbtdWcAEh0k_.jpg
836761660589129731,http://pbs.twimg.com/media/C5ygM1zWcAIpESc.jpg
836805101452935168,https://video.twimg.com/tweet_video/C5ztvteWUAAGHdP.mp4
836804445115670528,http://pbs.twimg.com/media/C5ztNQ7XEAAwNzn.jpg
836796559123677184,http://pbs.twimg.com/media/C5zl7-VWUAIo1ny.jpg
836784875877326853,https://video.twimg.com/ext_tw_video/836521298662670336/pu/pl/qc0dOxuaz7ZQqMNV.m3u8
836802930632183808,http://pbs.twimg.com/media/C5zr0fyWUAAjszi.jpg
836729382693654528,https://video.twimg.com/ext_tw_video/836663087201566720/pu/vid/180x320/M30bIPZYoFD4Mq3I.mp4
836788104312864768,http://pbs.twimg.com/media/C5zeHtdWMAItpcy.jpg,http://pbs.twimg.com/media/C5zeKWvWUAAGR1Z.jpg,http://pbs.twimg.com/media/C5zeVc7XEAA6Dxi.jpg
836768227464261637,http://pbs.twimg.com/media/C5zMQ-UWMAIObeC.jpg
836791011816816641,https://video.twimg.com/ext_tw_video/836790945047695360/pu/pl/i1WOE_77qNes12i6.m3u8
836772819014938624,https://video.twimg.com/ext_tw_video/761747104125423616/pu/pl/7YNcYdQ3fseoexYV.m3u8
836756561355747330,http://pbs.twimg.com/media/C5zBaNGVMAEi5GQ.jpg
836761725592555520,http://pbs.twimg.com/media/C35XikFVUAEPTOS.jpg
836799793879973888,https://video.twimg.com/amplify_video/836798776870322178/pl/lTixcA1r0fe4ildM.mpd
836804833424379904,http://pbs.twimg.com/media/C5ztjm-WMAATy2t.jpg,http://pbs.twimg.com/media/C5ztjnLWQAEAwhu.jpg
836761350336561153,http://pbs.twimg.com/media/C5zF8WkU4AASbou.jpg
836775362545741825,http://pbs.twimg.com/media/C5zSv9uWUAE1brQ.jpg
836805041893883904,http://pbs.twimg.com/media/C5ztv8aXMAAkB-a.jpg
836798782658527232,https://video.twimg.com/ext_tw_video/834138365721210880/pu/vid/480x480/VFKK9aFJ38C5Iufp.mp4
836804892308168708,http://pbs.twimg.com/media/C5ztm1UWUAYitgI.jpg
836805057450508292,https://video.twimg.com/tweet_video/C5ztwSWWUAM3QUR.mp4
836804297069330433,https://video.twimg.com/tweet_video/C5ztC5TWcAUPxXI.mp4
836795982876721153,http://pbs.twimg.com/media/C5zlfdVWYAIDnBy.jpg
836803547484270595,https://video.twimg.com/tweet_video/C5zsPNIXMAAahtY.mp4
836781831055822849,http://pbs.twimg.com/media/C5zYov6VUAAu6oQ.jpg
836784829358231552,http://pbs.twimg.com/media/C5zbXALVMAAX5We.jpg
836804548102602753,http://pbs.twimg.com/media/C5ztTDpWMAEYh8u.jpg
836798068053901313,http://pbs.twimg.com/media/C5znZFLWgAQBZLm.jpg
836795055306330112,http://pbs.twimg.com/media/C5zkiqzWYAAhKeh.jpg
836785989645385728,http://pbs.twimg.com/media/C5zcawvWcAEtIff.jpg
836804151233359872,http://pbs.twimg.com/media/C5zs5GdWYAADugz.jpg
836803257901121536,http://pbs.twimg.com/media/CzbAImbWEAALOed.jpg,http://pbs.twimg.com/media/CzbAInGXUAAd73_.jpg
836766316530909185,http://pbs.twimg.com/media/C5zKh2yWYAAUG2p.jpg
836804488354754563,http://pbs.twimg.com/media/C5ztAZHWUAAspKZ.jpg
836795386987700225,http://pbs.twimg.com/media/C5zk96eWgAEaNlP.jpg,http://pbs.twimg.com/media/C5zk97LXQAAgC_Z.jpg,http://pbs.twimg.com/media/C5zk97jXEAEfUSs.jpg,http://pbs.twimg.com/media/C5zk973WUAIWF3w.jpg
836795050663284737,http://pbs.twimg.com/media/C5zkpU7WMAEK5w-.jpg,http://pbs.twimg.com/media/C5zkqAkWQAE5K97.jpg
836773731817164801,http://pbs.twimg.com/media/C5zRQYjWUAEYPyT.jpg,http://pbs.twimg.com/media/C5zRQYjXQAE9q73.jpg,http://pbs.twimg.com/media/C5zRQYiXQAAUzNo.jpg
836798670309818372,https://video.twimg.com/ext_tw_video/836798615804915712/pu/vid/1280x720/cBWOAPifTcxK3ol_.mp4
836794943389720576,https://video.twimg.com/tweet_video/C5zkjjnWcAAPyvt.mp4
836799151165882368,http://pbs.twimg.com/media/C5zoXrVWMAEzf49.jpg
836765921012232192,http://pbs.twimg.com/media/C5zKKb6WgAAhVOw.jpg
836744740469006336,http://pbs.twimg.com/media/C5y25j5U4AAGACN.jpg
836804258288840705,http://pbs.twimg.com/media/C5zsU7dWgAAsscc.jpg
836805337227399168,http://pbs.twimg.com/media/C5zt-J4WUAEt5UJ.jpg
836779376641458177,http://pbs.twimg.com/media/C5zWaIKWcAABUud.jpg
836802969865707521,http://pbs.twimg.com/media/C5zr2dYWQAEC_Io.jpg
836804874058756098,http://pbs.twimg.com/media/C5ztlk8XMAETFU8.jpg
836742017766010880,http://pbs.twimg.com/media/C5y0bGZU8AEbpOw.jpg
836762302279905280,https://video.twimg.com/tweet_video/C5zGziUXEAAu1Qo.mp4
836754727740264448,http://pbs.twimg.com/media/C5y__PJWYAQYmoM.jpg
836804641165824000,http://pbs.twimg.com/media/C5ztWFUWYAErKCH.jpg,http://pbs.twimg.com/media/C5ztWFtWQAEbB_A.jpg
836794770244714497,http://pbs.twimg.com/media/C5zkYoxVUAExeoH.jpg,http://pbs.twimg.com/media/C5zkYoxVUAAPhe_.jpg,http://pbs.twimg.com/media/C5zkYqCVMAAZ1-2.jpg,http://pbs.twimg.com/media/C5zkYqDU4AAD1ph.jpg
836788463819079681,http://pbs.twimg.com/media/C5zepbTUoAAiOFp.jpg
836804691141017601,http://pbs.twimg.com/media/C5ztZF8WgAQ2TQ7.jpg
836757499676094465,https://video.twimg.com/ext_tw_video/836360281064255488/pu/pl/DXk4DI5gRkp3_QKo.mpd
836805114035847174,http://pbs.twimg.com/media/C5ztz93XQAAd9bU.jpg
836786622393786368,https://video.twimg.com/ext_tw_video/836786576122261504/pu/pl/q8Avg2bjWQEmi-tp.m3u8
836803551812792320,http://pbs.twimg.com/media/C5zsY0PXQAIA_y4.jpg,http://pbs.twimg.com/media/C5zsY0QWAAAHlC1.jpg,http://pbs.twimg.com/media/C5zsY0NWAAA0DcU.jpg,http://pbs.twimg.com/media/C5zsY0PWgAAycET.jpg
836805058209726470,http://pbs.twimg.com/media/C5ztvxOWgAAnSEd.jpg
836776343014682624,http://pbs.twimg.com/media/C5zTmJRUwAA348c.jpg
836759633037516801,http://pbs.twimg.com/media/C5zEc1CWAAAICP3.jpg,http://pbs.twimg.com/media/C5zEc2rXMBMGWr2.jpg
836739647455784965,http://pbs.twimg.com/media/C5yyRVIWMAApmB-.jpg
836794640145645568,https://video.twimg.com/tweet_video/C5zkR8hWUAEnznp.mp4
836801232249421824,https://video.twimg.com/ext_tw_video/836801104356773889/pu/pl/KBdSAvGkV0bw5uv_.m3u8
836778281252831233,http://pbs.twimg.com/media/C5zVZ6pUsAAk8PT.jpg
836797916920557572,http://pbs.twimg.com/media/C5znRLjXMAA0WNp.jpg
836773528863141888,https://video.twimg.com/ext_tw_video/836773508269158400/pu/pl/MPM1rA15TW6iursV.mpd
836805218549510145,http://pbs.twimg.com/media/C5zt5qzWgAIFwWs.jpg
836795024419487745,http://pbs.twimg.com/media/C5zkoOKXQAUs0HD.jpg
836805419431522304,https://video.twimg.com/ext_tw_video/836805254649942018/pu/vid/480x480/39UiH5JsEwc6NJsB.mp4
836803222945824768,https://video.twimg.com/ext_tw_video/731678008130588672/pu/vid/240x240/PeyQlp5dj6-fWZKD.mp4
836804490959409152,http://pbs.twimg.com/media/C5ztP6CWcAIQfxi.jpg
836805307598798850,http://pbs.twimg.com/media/C5zt_fsWAAAKrwp.jpg
836782378181865472,http://pbs.twimg.com/media/C5zZA-ZWMAUsBUm.jpg,http://pbs.twimg.com/media/C5zZCF4XMAED5vW.jpg,http://pbs.twimg.com/media/C5zZElgWQAA6Fd_.jpg,http://pbs.twimg.com/media/C5zZFdiWMAAuFCa.jpg
836783882187964418,https://video.twimg.com/tweet_video/C5XJLq-VUAE4mcn.mp4
836753516572119041,http://pbs.twimg.com/media/C5y-4VwWcAIcaoj.jpg
836775322351775744,http://pbs.twimg.com/media/C5zSpInVUAAMcG4.jpg
836793426653941760,http://pbs.twimg.com/media/C5zjLxlUYAAKxb5.jpg
836801504044548097,http://pbs.twimg.com/media/C5zqg--WAAA2xXM.jpg
836793871422009345,http://pbs.twimg.com/media/C5zjljLU8AAsapl.jpg
836788118183378945,https://video.twimg.com/ext_tw_video/836648213205626883/pu/vid/480x360/-IZKAF0SW-dBcEyP.mp4
836755658737348609,https://video.twimg.com/tweet_video/C5zAzvDVMAE8OjF.mp4
836754169373536257,http://pbs.twimg.com/media/C5y_e0PXEAA17cd.jpg
836804847030632449,https://video.twimg.com/ext_tw_video/709025750352007168/pu/vid/640x360/ydP56fnBoMVS5tfx.mp4
836798812626767872,http://pbs.twimg.com/media/C5zoEqtWgAIxpn8.jpg,http://pbs.twimg.com/media/C5zoEqvWUAQiJtx.jpg,http://pbs.twimg.com/media/C5zoEq1WYAIjNOi.jpg,http://pbs.twimg.com/media/C5zoEq9WAAAfsFc.jpg
836753425513734145,https://video.twimg.com/ext_tw_video/836376984427118592/pu/vid/320x180/cPaLQcWGDQWHlIIa.mp4
836749120958169088,http://pbs.twimg.com/media/C5y644bU4AAlLTw.jpg
836803250674356224,https://video.twimg.com/ext_tw_video/836803049339424768/pu/vid/720x1280/n765QPz1bSoh_vwP.mp4
836772503179702273,https://video.twimg.com/ext_tw_video/595768601719787520/pu/vid/174x320/3bZEelozrbarenYK.mp4
836733263444074496,https://video.twimg.com/ext_tw_video/831896693318770688/pu/pl/9kocf4HNTJfVjCzh.mpd
836799750775144449,http://pbs.twimg.com/media/C5zo65XU4AAi0UP.jpg
836804778655100928,http://pbs.twimg.com/media/C5ztgjyWMAAXYVd.jpg
836738959019499521,http://pbs.twimg.com/media/C5yxpJDVUAAl9Xi.jpg
836728810963894276,https://video.twimg.com/ext_tw_video/836728754382626816/pu/vid/480x480/raRlgFCjvhwwxEhN.mp4
836804421451411456,http://pbs.twimg.com/media/C5u2TavUsAAdGpH.jpg
836804596370669570,https://video.twimg.com/ext_tw_video/802139129869901824/pu/vid/640x360/iCBsNgfRQJn6Xljx.mp4
836749233210413057,https://video.twimg.com/tweet_video/C5y68XTWYAEwqGH.mp4
836797927410524163,http://pbs.twimg.com/media/C5znR5qXMAAdZmS.jpg
836763068508041216,http://pbs.twimg.com/media/C5zHkg0XEAAE-cF.jpg
836794289409691650,https://video.twimg.com/tweet_video/C5zj-B-WMAAuqEx.mp4
836775186699530240,http://pbs.twimg.com/media/C5zSlm-XMAMKjtn.jpg,http://pbs.twimg.com/media/C5zSlnAXEAEmnxF.jpg,http://pbs.twimg.com/media/C5zSlnDWYAAO4gK.jpg,http://pbs.twimg.com/media/C5zSlnAWcAAoRAF.jpg
836792839061176321,http://pbs.twimg.com/media/C5zio-QU8AAEc_B.jpg,http://pbs.twimg.com/media/C5zio-YU8AIO4oP.jpg
836757072293335041,https://video.twimg.com/ext_tw_video/836360281064255488/pu/pl/DXk4DI5gRkp3_QKo.mpd
836790149677735937,http://pbs.twimg.com/media/C5zgM6yWQAIVKDf.jpg,http://pbs.twimg.com/media/C5zgM62WQAQh5SP.jpg
836803443557814272,http://pbs.twimg.com/media/C5zsSwqWgAEBL41.jpg,http://pbs.twimg.com/media/C5zsSwpWcAEcyxG.jpg,http://pbs.twimg.com/media/C5zsSwnWMAQjzo0.jpg,http://pbs.twimg.com/media/C5zsSwqXQAEyJr5.jpg
836804879314206720,http://pbs.twimg.com/media/C5ztlqeWMAE9Us2.jpg
836779071874846720,https://video.twimg.com/ext_tw_video/836777607458783232/pu/pl/S6qkyOgSQwK4Y4ge.mpd
836771234176241668,https://video.twimg.com/ext_tw_video/733082268307066880/pu/vid/320x180/tkxVD3ZjrPHGvw9h.mp4
836798414499299332,http://pbs.twimg.com/media/Cq9V1sBXEAETtRH.jpg
836736826857639937,https://video.twimg.com/ext_tw_video/836736439748542465/pu/pl/gJiDDHQDc-empijI.mpd
836757094917353472,https://video.twimg.com/amplify_video/836756732789547009/vid/640x360/TsBAjYcTmrUj-QmQ.mp4
836804425373138945,https://video.twimg.com/tweet_video/C5ztLrcWQAEgOKG.mp4
836760250627706880,http://pbs.twimg.com/media/C5zFAnRUoAEhxjQ.jpg
836803533441728513,https://video.twimg.com/tweet_video/C5zsW7KXEAARdqT.mp4
836805678249422848,http://pbs.twimg.com/media/C5zuT4AWMAUbENg.jpg
836802004068495360,http://pbs.twimg.com/media/C5zq-5VWYAAzcXy.jpg
836780369957568512,http://pbs.twimg.com/media/C5zXTnLUYAAi8Tu.jpg
836804444473933825,http://pbs.twimg.com/media/C5xrIcOWQAAXQIh.jpg
836801423643922432,http://pbs.twimg.com/media/C0aM6rHWQAEyziw.jpg
